Date,Well,Oil_Rate,Water_Rate,Gas_Rate
2018-04-01,A-01,39.8009310240927,9.247951370122088,22.26932233637889
2018-05-01,A-01,55.87127025183374,9.824930438435427,18.640906925788347
2018-06-01,A-01,54.01402811243917,13.07345856423039,19.701730265761444
2018-07-01,A-01,41.011324276226105,11.02369306767293,16.732644355773328
2018-08-01,A-01,47.38600047826274,11.155890486865292,22.942414951528363
2018-09-01,A-01,45.47024686531137,13.686154582354478,21.592235966370605
2018-10-01,A-01,48.16917578594574,10.267858427121613,21.086679183534976
2018-11-01,A-01,51.323159044982305,11.600031101680116,18.40367937503264
2018-12-01,A-01,43.03929065556604,13.133327711908041,20.922970757498813
2019-01-01,A-01,50.85112963709599,7.0488793583157525,18.334566087502946
2019-02-01,A-01,56.51922115157809,6.668455717044188,20.21823327554677
2019-03-01,A-01,40.682424368325336,10.935434406014279,20.87989262709579
2019-04-01,A-01,56.7976510436665,12.04106263588831,21.967936495816705
2019-05-01,A-01,61.9134941263682,11.808658267009402,18.43028526811425
2019-06-01,A-01,38.020884420269795,11.724402737499362,25.070326571407588
2019-07-01,A-01,49.535044662188305,11.43473116250162,21.018865219091822
2019-08-01,A-01,45.27231972393894,5.632644411195826,16.883975714610383
2019-09-01,A-01,42.67420311582874,8.1624624283347,20.04061692009078
2019-10-01,A-01,48.4454990316036,12.87955392926356,20.741263881619563
2019-11-01,A-01,51.010416162202105,11.955665762297086,16.15115759455483
2019-12-01,A-01,51.44064901064584,12.384461409031857,22.366289341279213
2020-01-01,A-01,50.35272350303143,11.212617918643085,20.425319392191437
2020-02-01,A-01,48.1211579071743,9.987186714431484,15.862466847361372
2020-03-01,A-01,47.24039790931024,13.19688919195841,16.12300664711142
2020-04-01,A-01,46.451834842439716,10.564598069165708,18.06843413202448
2020-05-01,A-01,47.23475492642882,11.651317706856446,20.55357867830705
2020-06-01,A-01,59.08738311286003,13.455340174340616,20.73903382583635
2020-07-01,A-01,51.42114591052618,13.660015979380935,21.3744421650601
2020-08-01,A-01,36.23168697617887,13.250442888226416,17.9467915224077
2020-09-01,A-01,39.85774406544476,12.596355707477409,19.499420197777468
2020-10-01,A-01,49.9740212289187,13.69214854341134,16.95450447956523
2020-11-01,A-01,38.22214506656052,9.543107941012881,24.01135194789912
2020-12-01,A-01,41.840690357649144,14.41190237894898,19.974059568022312
2021-01-01,A-01,42.17804583977778,13.918725456165582,19.397663753520746
2021-02-01,A-01,55.453209639892584,13.577332770602853,17.819171569467795
2021-03-01,A-01,42.998337881288364,9.423906662750065,18.674333703654625
2021-04-01,A-01,46.661366982616464,18.760120225233884,20.09795517445856
2021-05-01,A-01,48.48486302773757,15.342267933240466,17.637741793413806
2021-06-01,A-01,44.95175635926632,14.500981512791643,18.105157409760913
2021-07-01,A-01,38.5999019310879,14.368796408446133,21.425164744346993
2021-08-01,A-01,44.136806191175516,12.711618436039114,15.913895671267593
2021-09-01,A-01,41.99504052176027,10.258049959341923,15.134822640546005
2021-10-01,A-01,39.217797481766546,11.156608624752952,18.88078189865163
2021-11-01,A-01,43.87230203434847,13.466382946295226,20.310925415563986
2021-12-01,A-01,39.229467647794415,14.159028403501853,16.3750778718672
2022-01-01,A-01,39.825445252811065,11.71093772564776,14.618484430459729
2022-02-01,A-01,39.23964108615504,12.535861255285287,17.058360842588005
2022-03-01,A-01,35.83950178730533,15.645976003900879,15.871799972592184
2022-04-01,A-01,35.35659422175673,15.235348105601968,21.873466629322646
2022-05-01,A-01,54.03895954316018,11.864545150343762,16.802116952341017
2022-06-01,A-01,41.916205317586105,10.879525794429314,17.996208581565586
2022-07-01,A-01,41.01219112102139,11.991998425373549,15.894643097018754
2022-08-01,A-01,39.85750049243174,13.78667202842697,18.234108681126585
2022-09-01,A-01,31.397274713657055,13.543025045276814,18.048669401826995
2022-10-01,A-01,48.70386269695333,16.305822682270257,17.333067630380317
2022-11-01,A-01,40.37138228265025,13.576761902267386,21.268805170604647
2022-12-01,A-01,40.74125806811457,15.71156340573453,16.36760986481163
2023-01-01,A-01,31.02696789463274,14.375834044098553,16.920642392347723
2023-02-01,A-01,39.130127636660646,17.894480313331858,15.93458034824649
2023-03-01,A-01,46.39059232121904,14.277238726014428,20.468498163704663
2023-04-01,A-01,32.660864158457834,16.0818142250497,16.114461288521518
2023-05-01,A-01,38.78503671440908,14.149229436810216,20.57333971429237
2023-06-01,A-01,39.66936844063124,14.837371207960999,19.154788996064216
2023-07-01,A-01,39.27550066413929,14.345712206725327,16.056568301253204
2023-08-01,A-01,32.46172598314734,14.872308281293257,17.106807486914025
2023-09-01,A-01,39.30480853924756,15.738078925880124,18.099020220864006
2023-10-01,A-01,42.95272634050998,16.971440156225455,17.741416315500842
2023-11-01,A-01,37.16321369458805,16.699803730425057,14.616334794578945
2023-12-01,A-01,36.0957871810555,15.974152933916034,18.7959625792312
2018-04-01,A-02,43.63154622625553,19.67532915548179,20.58012123183307
2018-05-01,A-02,46.266998657980466,22.30764026375001,17.185782891269103
2018-06-01,A-02,34.8412798084543,24.00092014864517,19.744593325392277
2018-07-01,A-02,49.22309484814061,21.08190057772722,17.803420922355862
2018-08-01,A-02,42.654175625146465,17.770684880824838,18.441446624097157
2018-09-01,A-02,38.10796685447965,19.323639747988423,17.476221867922355
2018-10-01,A-02,42.778019842856835,18.56622917238858,23.839836046124162
2018-11-01,A-02,36.878620210376155,19.99588773116499,23.37060202971297
2018-12-01,A-02,31.95843523544987,26.743304319016293,17.56039672490808
2019-01-01,A-02,41.2307942904323,19.710383156695237,15.542100878784908
2019-02-01,A-02,31.374324407190976,19.542638426346883,18.063458987389343
2019-03-01,A-02,37.42994263427203,22.227877952455852,19.1256514933595
2019-04-01,A-02,37.552137160288346,22.78687856684866,20.297586164838634
2019-05-01,A-02,39.26469143434673,19.399760458799076,16.563232829693014
2019-06-01,A-02,44.44429321339531,19.172483428212075,18.04497889909872
2019-07-01,A-02,37.38485822486351,22.926358869215203,18.720777531266048
2019-08-01,A-02,32.81583414783277,19.041040480401033,20.191012466656627
2019-09-01,A-02,29.574997051986717,23.932406928124017,21.226200014847024
2019-10-01,A-02,31.98229385280619,25.204850404540817,18.176599227634416
2019-11-01,A-02,24.31160396993247,22.344285906856392,18.881388688966457
2019-12-01,A-02,36.56003182347646,21.544785215403074,17.21955758259522
2020-01-01,A-02,26.84137051803959,26.00860235322975,14.039933876173091
2020-02-01,A-02,30.477414918680026,25.16434304827082,21.282655270337365
2020-03-01,A-02,26.92824893929376,22.195461822288305,17.848798665425498
2020-04-01,A-02,29.254234921809747,26.55649228004674,17.524214722262833
2020-05-01,A-02,32.42559102608326,22.2459672373832,16.723753711883024
2020-06-01,A-02,28.21449349942763,28.015729232745088,20.009655654007677
2020-07-01,A-02,28.401765988129437,21.97790921543777,19.177705760061336
2020-08-01,A-02,36.6251748969045,25.04121503468116,17.34472937388524
2020-09-01,A-02,29.267985179098055,26.64004052439254,22.17744662155837
2020-10-01,A-02,35.41254160596225,25.2556269351522,16.381210596356897
2020-11-01,A-02,34.39658535049517,25.135433094654175,17.39556150417321
2020-12-01,A-02,35.00449542474521,23.25265123456526,22.333724625254245
2021-01-01,A-02,29.016670231410103,24.5145797190743,16.452397781681167
2021-02-01,A-02,31.507337509377003,30.67874878113183,17.04741405024759
2021-03-01,A-02,33.86331527839909,26.030342163070546,16.27464217019685
2021-04-01,A-02,28.907475556263762,23.62662061008448,16.85169840124752
2021-05-01,A-02,34.5670508645742,25.219214163598867,19.03340968219224
2021-06-01,A-02,32.307394346375176,27.890755845822312,19.319061295613157
2021-07-01,A-02,30.535946997238586,31.139470186116153,15.26366935058307
2021-08-01,A-02,32.083430552528725,26.41172938120463,20.596759138896196
2021-09-01,A-02,25.381607430323513,25.99182301169316,16.817576264077566
2021-10-01,A-02,29.87468734728879,21.836195753654703,18.076334997430777
2021-11-01,A-02,38.89917182389315,28.69520525773204,20.780385670503744
2021-12-01,A-02,28.337698836790473,28.17844026214745,18.22467226069864
2022-01-01,A-02,20.314686481748105,27.981320644114483,19.7888423109874
2022-02-01,A-02,27.66382748073338,26.96331037350052,18.078186444308738
2022-03-01,A-02,25.69061722993223,26.098637629247918,14.067125807104029
2022-04-01,A-02,24.380325308456904,27.788890194257945,18.279200193466522
2022-05-01,A-02,23.310091264835094,27.18297137143811,17.457908419281722
2022-06-01,A-02,39.04871018008451,27.173364119192648,14.689579921451337
2022-07-01,A-02,24.549618569260815,24.653426532483156,17.56373763244701
2022-08-01,A-02,18.98350977561424,29.255706302899,16.72548757956713
2022-09-01,A-02,25.710545622829695,22.439376884991802,16.244572875072684
2022-10-01,A-02,32.48268094123546,25.419049431460273,21.52848019356971
2022-11-01,A-02,24.32928568057612,34.02749467091455,16.451307026337243
2022-12-01,A-02,33.3056028697583,30.130057652827695,15.775836040095509
2023-01-01,A-02,26.87109788231637,32.462766042174195,15.006830675909395
2023-02-01,A-02,24.178301697098632,29.481202617508956,19.258984690272904
2023-03-01,A-02,26.528802836123518,32.91240128086602,15.459541762221082
2023-04-01,A-02,28.415487899417954,29.77202162568198,18.13285498229444
2023-05-01,A-02,20.869053259059058,30.828682661496508,23.434846144811804
2023-06-01,A-02,23.607838713217358,33.915573331383705,17.056063849069474
2023-07-01,A-02,33.05002145886989,32.57556864918242,18.60024016826631
2023-08-01,A-02,22.891847594590796,32.59688355001342,19.459119744331915
2023-09-01,A-02,22.521289967027332,29.125495148874784,17.443525616883647
2023-10-01,A-02,19.383033680012957,24.98010297902412,17.31235556689592
2023-11-01,A-02,19.9553841052359,27.028373605320297,14.499371226588417
2023-12-01,A-02,30.95361510794787,29.29451913972086,16.394081931322106
2018-01-01,A-03,33.71818405566006,19.65800238797439,14.021273609140625
2018-02-01,A-03,43.47669431982158,17.82070690676951,19.413026303508673
2018-03-01,A-03,35.296062386651776,22.122594436535596,17.084248106296744
2018-04-01,A-03,43.64057331937573,23.913322132492997,17.309909989387865
2018-05-01,A-03,43.464992478079196,17.042471527465747,15.402343289350082
2018-06-01,A-03,42.9376659292776,23.48727213222418,18.67324312305841
2018-07-01,A-03,37.59046502212848,16.582438956990458,21.93248497684274
2018-08-01,A-03,36.42381547711019,20.637353651617758,15.049980172569486
2018-09-01,A-03,38.56764303885899,22.327087451500883,18.702898039595564
2018-10-01,A-03,38.868068097368976,21.60694660064336,18.840978607641567
2018-11-01,A-03,36.70392196216814,20.618335307533737,20.58470577150657
2018-12-01,A-03,33.54302647899641,23.347310576657694,16.762981026539975
2019-01-01,A-03,39.33464935710378,17.521201994397476,19.367820544564147
2019-02-01,A-03,38.25353041278763,22.57033063427486,16.400397597623684
2019-03-01,A-03,35.87098279144682,22.727347742788815,19.319008312087064
2019-04-01,A-03,38.316016455976566,22.113165935923345,18.18945008245407
2019-05-01,A-03,44.70317876589882,21.429195362742004,21.01692296987185
2019-06-01,A-03,38.8306726971538,19.663695071433818,21.036332588806413
2019-07-01,A-03,36.09987823080527,22.81055420156315,15.67075972189065
2019-08-01,A-03,29.7350356204314,22.19457651209388,19.037436950904947
2019-09-01,A-03,35.834513583015784,23.012499430073238,16.716948954591647
2019-10-01,A-03,35.19180757208637,26.096077674461867,15.839151805093195
2019-11-01,A-03,33.641640723215936,28.085550568704857,20.85153303311085
2019-12-01,A-03,32.95694476944381,19.18715377996322,16.729068009962297
2020-01-01,A-03,32.42361085959833,22.678828295137773,19.312985573859415
2020-02-01,A-03,33.86177121185118,21.66533356923778,15.419291265517685
2020-03-01,A-03,29.07230012655541,20.325403688198968,19.24568911069345
2020-04-01,A-03,35.5854100211619,21.92435379993475,20.029327439813446
2020-05-01,A-03,35.53495452490125,24.628719167001,17.49736933943631
2020-06-01,A-03,28.725110381197997,27.192927636553208,21.10961781534661
2020-07-01,A-03,32.12043502015062,27.328384810254242,17.33054627690057
2020-08-01,A-03,26.648355596701354,21.11602557571029,21.718853540752637
2020-09-01,A-03,29.321297130216777,21.009768842237815,17.926489543495144
2020-10-01,A-03,28.380162128582974,24.86188991160548,19.504933084182
2020-11-01,A-03,40.110505339497266,26.759667471193968,20.933482424885597
2020-12-01,A-03,28.789952286131985,31.06437483061256,16.524176086625605
2021-01-01,A-03,29.77954736607547,28.431317258257394,20.70271363636424
2021-02-01,A-03,33.13915690194043,24.733839298791974,17.113081194620566
2021-03-01,A-03,23.745816458416883,28.60037492143815,17.96997457270161
2021-04-01,A-03,26.89457475859348,27.73597603962711,17.95100251873505
2021-05-01,A-03,20.88821899125751,24.62603847446333,15.575704375495096
2021-06-01,A-03,28.970926237224827,25.082077177422498,19.72811656795609
2021-07-01,A-03,33.266539853413065,24.797529512320054,15.011531276564813
2021-08-01,A-03,34.837950246220416,31.18489819568837,17.041437502452847
2021-09-01,A-03,29.52628200903964,29.025575779837492,17.967776845164384
2021-10-01,A-03,18.56342267488965,29.60157774336198,17.89080575844234
2021-11-01,A-03,30.420762518985732,28.983375389302516,15.164615045250176
2021-12-01,A-03,27.411251609211398,33.66718206655035,17.12568408387522
2022-01-01,A-03,32.995085253286526,20.53222361146247,16.501524780182542
2022-02-01,A-03,27.29427890526843,26.520673942753977,21.781945894349047
2022-03-01,A-03,21.218774901067647,24.66035646963479,16.853713676403046
2022-04-01,A-03,22.775471781088704,30.59206883126094,16.605164401002327
2022-05-01,A-03,29.494646510931904,27.72758003081527,20.652611947655096
2022-06-01,A-03,28.16784716202447,27.210272746582817,20.77899764949676
2022-07-01,A-03,22.296432512425568,25.816596830232758,20.624045702381444
2022-08-01,A-03,23.786111717281013,31.24158702340523,19.306359867457296
2022-09-01,A-03,22.89337495527548,28.428860729986127,18.255287285286112
2022-10-01,A-03,16.091365414008916,28.732614172968887,16.61910942936733
2022-11-01,A-03,28.206275211504874,31.6213876204407,15.819871527550081
2022-12-01,A-03,28.018031831726255,30.959293305760703,16.156045138190272
2023-01-01,A-03,37.93536646564339,28.547382568974612,17.252760367295252
2023-02-01,A-03,34.665204867880476,31.939528330528887,17.94245036240052
2023-03-01,A-03,29.829738106683223,28.43706453817147,18.095542639996665
2023-04-01,A-03,24.344890568466212,30.4892346401547,14.49854400749994
2023-05-01,A-03,31.72447201237276,36.065835590256036,19.121208607912152
2023-06-01,A-03,20.098042259257657,32.06156184780048,16.08634282238564
2023-07-01,A-03,28.725244572382934,36.10898042436109,13.87337882710102
2023-08-01,A-03,21.301291971656415,30.24392754162742,19.386288814405233
2023-09-01,A-03,34.794201922801065,27.69318338879245,18.458666029767492
2023-10-01,A-03,24.617531840112953,27.49960334434982,20.18264399656731
2023-11-01,A-03,21.63708713687363,23.274414406249605,17.092362837890207
2023-12-01,A-03,25.690800287620164,34.03497780592963,18.43521351956872
2018-11-01,A-04,80.9218002309807,8.784109030728777,25.28933054893777
2018-12-01,A-04,83.06023713240013,9.04589349008322,25.06586400858401
2019-01-01,A-04,83.6257354117182,8.87999853728584,25.922331482006427
2019-02-01,A-04,80.57763050198021,7.8038289891041055,25.172121280000944
2019-03-01,A-04,79.98231754559507,8.629741636400793,25.011827334855763
2019-04-01,A-04,80.10795922376748,7.297214544779366,24.96121870498522
2019-05-01,A-04,88.2003741879085,9.046821485889476,25.703506050830615
2019-06-01,A-04,80.1427600586964,9.181475679721137,25.884171802025612
2019-07-01,A-04,73.04867310073877,10.280084594779343,23.622452242852898
2019-08-01,A-04,79.70875482835791,8.321672293972957,23.96184343574429
2019-09-01,A-04,81.57966794990602,7.17647079420823,26.341799697783586
2019-10-01,A-04,78.54140697813412,7.6477664819692235,26.075136347273002
2019-11-01,A-04,82.41588147412162,9.51664838140161,24.962766477192396
2019-12-01,A-04,78.685436181038,7.420265725963989,25.79222100244922
2020-01-01,A-04,78.72548267462032,8.685061803657632,24.864137486850492
2020-02-01,A-04,81.05841795606524,6.840978856165784,24.661769678712737
2020-03-01,A-04,81.42554989390422,8.655812495192503,25.468780618208516
2020-04-01,A-04,78.84990983712417,9.766910454793285,24.337278259099204
2020-05-01,A-04,78.84639256069575,9.533363214172645,25.393602128983776
2020-06-01,A-04,76.59314987457648,7.551314144908841,25.26914467939368
2020-07-01,A-04,79.05414978619133,7.846022126715413,24.272987281043868
2020-08-01,A-04,85.38659556226898,11.067451744733718,24.878064471992193
2020-09-01,A-04,87.08374108214954,7.382730111010696,26.443084203307322
2020-10-01,A-04,77.6410798356253,8.413850413798041,24.561444051205935
2020-11-01,A-04,82.54808792896418,7.878865667144928,25.065029451681518
2020-12-01,A-04,82.40404050638912,9.060192061166706,23.310512712176084
2021-01-01,A-04,80.60891952413665,6.905118553297772,23.593089164565633
2021-02-01,A-04,80.39192860991446,6.739150255028971,24.284323195162884
2021-03-01,A-04,75.00931177933043,7.674964972358986,25.200929624566008
2021-04-01,A-04,79.30188092149322,9.589615730209129,25.279833076912848
2021-05-01,A-04,86.09318410290989,8.607977566537654,25.204301777408595
2021-06-01,A-04,83.59209934636128,7.095392707866768,24.649748329486066
2021-07-01,A-04,80.95324560077252,7.687406360329614,24.368319882888887
2021-08-01,A-04,82.67418362845166,9.690938076142894,25.564133749512575
2021-09-01,A-04,81.42151876250799,7.812378525256071,24.883097571645266
2021-10-01,A-04,77.02338657345197,7.6765224785563895,24.82600900455193
2021-11-01,A-04,78.50564408291122,7.751062860112817,27.30700142628931
2021-12-01,A-04,75.15144736270487,8.633005259428984,24.639305001085102
2022-01-01,A-04,73.75053050867312,9.350960284415914,25.168063226747826
2022-02-01,A-04,80.88794343347082,7.923135254347232,25.14492894901895
2022-03-01,A-04,80.18660649712011,7.255920435643288,25.703453358313304
2022-04-01,A-04,82.46014570921405,7.4799879660777435,25.835055362301087
2022-05-01,A-04,80.97287318553114,8.574064893072338,24.574995459413056
2022-06-01,A-04,81.26764694107162,6.004351782702431,23.612824766876603
2022-07-01,A-04,81.31466747057156,7.835055342978371,23.14893802198697
2022-08-01,A-04,79.06860675689137,7.371030864731829,25.527827204654805
2022-09-01,A-04,73.92194791859686,9.588727058716353,25.365981863334575
2022-10-01,A-04,78.71866748094664,6.868830250816881,23.934393737861225
2022-11-01,A-04,75.88194263983432,7.948407032841514,26.003020446493778
2022-12-01,A-04,83.26690092258274,8.434150407396922,24.69894673116123
2023-01-01,A-04,77.48863360937878,7.539733324657771,25.549239302286775
2023-02-01,A-04,81.2600958793251,8.453063728174925,25.31831861170906
2023-03-01,A-04,82.80916126534338,7.763886049974483,24.712508143763042
2023-04-01,A-04,77.2801745514025,8.244429256571618,25.44900414539733
2023-05-01,A-04,76.66283510973732,7.814679968904424,25.529370763599236
2023-06-01,A-04,82.50896637020956,8.11735552921061,24.017081782697385
2023-07-01,A-04,79.30502737125663,7.126109305036175,25.503812628725154
2023-08-01,A-04,82.49347176428282,7.157046571859113,25.575970957117427
2023-09-01,A-04,80.42223384786426,8.038782406323199,25.09447730515355
2023-10-01,A-04,79.3826094416601,7.196436512065997,24.712573539639948
2023-11-01,A-04,74.91328134484132,7.560005543726538,26.321391538314654
2023-12-01,A-04,75.24909304320613,8.585262501218082,28.188234838901735
2018-10-01,A-05,40.80501336806525,6.6971922413838545,20.820894138440387
2018-11-01,A-05,51.77143809819696,13.411978403106517,20.656474679873345
2018-12-01,A-05,48.508980902071436,8.916462018811156,19.39915342649869
2019-01-01,A-05,52.54754977292855,7.592535751598288,24.677187431890466
2019-02-01,A-05,46.7551075388996,11.181821990560415,17.70872591093884
2019-03-01,A-05,54.040936790740645,14.631546810865492,19.530929969552016
2019-04-01,A-05,63.24447277629169,10.411329346129975,21.19788492883
2019-05-01,A-05,53.766786896216935,11.784843186308319,15.213382945167657
2019-06-01,A-05,40.03940355000727,13.949490763162055,19.88663720341566
2019-07-01,A-05,50.00002676383513,11.557684355131029,21.31824006309692
2019-08-01,A-05,48.38207405664936,11.263181384795518,21.121697677047262
2019-09-01,A-05,44.74477694728539,9.506243722255482,17.55843699737811
2019-10-01,A-05,44.22939481775117,19.485173527754355,16.34309641514105
2019-11-01,A-05,41.045213226744295,21.22345034100059,19.078484110619673
2019-12-01,A-05,38.02885931772307,24.70366603948039,18.51753013908964
2020-01-01,A-05,38.9144366798518,20.52455394862726,21.91848498143784
2020-02-01,A-05,46.61267394329978,23.53264783380876,20.28249549810665
2020-03-01,A-05,35.749592044293536,23.48254155059326,20.498034945721265
2020-04-01,A-05,37.20557975224093,20.206757895516485,21.60061179198803
2020-05-01,A-05,36.2462010260299,18.16349341462293,17.8926781627575
2020-06-01,A-05,37.27507267535296,15.440845719802908,20.7171442969021
2020-07-01,A-05,42.87295707029236,22.874503479066675,19.089597959814604
2020-08-01,A-05,31.551599293761505,18.38168229590483,20.58488205176069
2020-09-01,A-05,41.33742817934661,20.31038453661094,21.163309890349524
2020-10-01,A-05,36.03088316990913,32.09261712503091,20.79547172881385
2020-11-01,A-05,28.735349689225046,31.0574229602095,18.23486220272847
2020-12-01,A-05,30.190611543659298,33.03251794525705,20.37660282929321
2021-01-01,A-05,31.2588015906122,26.941250569609622,16.205328785357253
2021-02-01,A-05,30.23627940091383,31.51143927488458,17.429985543116192
2021-03-01,A-05,33.43171212075297,27.426376570676887,19.757157708579083
2021-04-01,A-05,33.431586467660054,27.068610020521106,23.004540320037414
2021-05-01,A-05,35.73499188696639,33.53009803430619,19.64338440022591
2021-06-01,A-05,24.657640873740384,25.992858869511863,19.5207082176804
2021-07-01,A-05,28.36895054525163,30.233712601481024,19.20090273072274
2021-08-01,A-05,30.51627724627285,23.449434015165984,18.73238056977343
2021-09-01,A-05,31.70759757827593,30.37657314457297,18.26597620467073
2021-10-01,A-05,24.610227949725772,22.73371270458412,20.6499927143226
2021-11-01,A-05,34.1518452365148,34.941603858878,20.85599126813762
2021-12-01,A-05,27.74493473598644,28.848635979843166,20.85496756714609
2022-01-01,A-05,37.97093662125307,29.994048338764802,22.352468426347315
2022-02-01,A-05,34.33069130054023,31.965775116910734,20.85716213485726
2022-03-01,A-05,28.973782344912753,24.873615934435136,18.962308430950774
2022-04-01,A-05,28.12713937273994,28.640788321475814,16.083778400673847
2022-05-01,A-05,30.65490697839774,25.599791384191764,19.557482948969838
2022-06-01,A-05,29.95090001099688,32.482139069517174,19.68733305259864
2022-07-01,A-05,36.60449939667425,27.265890620263363,17.982234281590628
2022-08-01,A-05,27.99622840756016,27.26357778986165,18.35864843235487
2022-09-01,A-05,35.87995326596511,32.74023384422224,21.10195535794267
2022-10-01,A-05,32.449913125271145,24.6321530694292,23.178240209690284
2022-11-01,A-05,33.24415025713251,30.590048581707194,20.21208362464145
2022-12-01,A-05,33.55548388885103,28.55790296896869,20.426794863373054
2023-01-01,A-05,23.137806597943374,33.19787111631352,17.795688788223543
2023-02-01,A-05,19.825593058173745,32.25068618682751,18.36101490162907
2023-03-01,A-05,28.997036992475532,27.073394022757505,18.89156704466559
2023-04-01,A-05,36.42678022914109,29.68736479843474,23.187983948239513
2023-05-01,A-05,37.121470794747616,26.50635147245622,19.336925971906513
2023-06-01,A-05,32.906160120842955,28.107273985959367,21.874897775757
2023-07-01,A-05,29.630593097377982,24.73328804920012,19.20315820307375
2023-08-01,A-05,23.463231637714028,31.325756715183775,21.720305898956813
2023-09-01,A-05,33.89293243417747,26.768694411608152,21.32139045903983
2023-10-01,A-05,32.85171585752334,31.869600913258665,21.024024676619437
2023-11-01,A-05,39.5373185816163,33.21813064140744,24.411792009536644
2023-12-01,A-05,29.63904055590078,32.03150680212805,19.86672265222856
2018-05-01,A-06,59.17130174362316,9.449508735372833,21.16434784970232
2018-06-01,A-06,53.12341663188358,10.502054508161486,19.684253005878908
2018-07-01,A-06,58.92198287252401,10.877380992689305,19.683909500639658
2018-08-01,A-06,53.0808789443548,11.316409814928315,22.045294720855683
2018-09-01,A-06,46.61370076212828,10.754747047551078,18.671556517424047
2018-10-01,A-06,49.77577807126688,9.756836735407063,16.36254999281992
2018-11-01,A-06,51.259199883488684,6.570027493014094,18.84636267053199
2018-12-01,A-06,51.152227177070046,11.059454024035112,20.896939558944243
2019-01-01,A-06,51.588750930114706,12.607284199369456,21.60617249111412
2019-02-01,A-06,45.23246970488395,9.178061029419784,20.466367707049578
2019-03-01,A-06,50.41592734771765,8.847433179841044,17.851975191929743
2019-04-01,A-06,48.39034876206141,8.245477470842415,20.74306462092305
2019-05-01,A-06,42.345585786955,21.55714276945446,21.595333302647592
2019-06-01,A-06,47.452261635883445,15.986177920750855,15.582307521888033
2019-07-01,A-06,34.24215723281701,17.025590928511146,24.36616110347179
2019-08-01,A-06,36.325757959257125,19.60452591944122,18.207781430291746
2019-09-01,A-06,36.57767495655637,21.111752604233402,22.061685838276937
2019-10-01,A-06,51.10934861588892,21.645329747059137,19.536703852862985
2019-11-01,A-06,48.78785916866429,18.348817182871034,19.791517449827204
2019-12-01,A-06,36.85570922435813,22.603721974148236,20.278398438454218
2020-01-01,A-06,38.269716180935504,18.33682951579374,19.276466420890237
2020-02-01,A-06,37.09013459762117,18.371118916631765,21.686339607393474
2020-03-01,A-06,38.22837411645814,15.064068224447235,22.568905514522214
2020-04-01,A-06,40.836400399538356,16.865990240661784,18.807425583364974
2020-05-01,A-06,38.39549781438417,29.735188320603754,22.27154714901688
2020-06-01,A-06,27.376903563391927,27.65484306083524,20.39813903896712
2020-07-01,A-06,39.393747791996084,29.049386292044456,19.095918122926445
2020-08-01,A-06,30.7797601416323,27.788697690139273,19.63224847328129
2020-09-01,A-06,24.1431275492073,27.95143412233616,19.967096907211484
2020-10-01,A-06,39.42333734942021,31.969836161258975,21.0493295849263
2020-11-01,A-06,35.67981564909382,29.338961500078014,22.83768021940095
2020-12-01,A-06,31.350170473779553,26.02218010839774,24.484268969981677
2021-01-01,A-06,19.303466072675377,26.755439953300787,19.466945109092375
2021-02-01,A-06,18.83058102471253,28.18525601968742,21.18862669581109
2021-03-01,A-06,28.942889305822842,32.69576463302065,18.3241610698465
2021-04-01,A-06,41.70674303906173,34.962375332072554,16.349043380240786
2021-05-01,A-06,18.286294619379127,36.1599466282428,18.124020697404656
2021-06-01,A-06,26.166008322992276,29.96648768530832,18.82686540851375
2021-07-01,A-06,28.075818233068567,31.736637929687713,21.424062504898085
2021-08-01,A-06,26.819064059220544,30.243281079406295,20.73786940108554
2021-09-01,A-06,26.730555278765397,28.03606430524534,21.582937692770447
2021-10-01,A-06,25.903249067669236,26.904955253939363,18.596593727385063
2021-11-01,A-06,35.76157484165067,29.32540506139199,24.364317706682098
2021-12-01,A-06,27.72526678362699,27.764871200105425,21.90645946438805
2022-01-01,A-06,38.646136518332156,30.707857006092713,18.506965829813193
2022-02-01,A-06,35.96769489153722,28.153567017497757,20.543567477434003
2022-03-01,A-06,31.942401360541762,32.05133682222815,18.463866402447643
2022-04-01,A-06,28.04574741925468,31.38529015206962,21.866823829674136
2022-05-01,A-06,32.83468988430027,31.599338118212376,15.813913130035857
2022-06-01,A-06,35.61155073316711,29.75092592389962,20.88700632280503
2022-07-01,A-06,35.95555700097422,28.049078795817717,20.683036686065037
2022-08-01,A-06,22.54845239527746,29.007817959165532,18.11493355224428
2022-09-01,A-06,38.35351945561547,32.46261720664063,20.236274283910834
2022-10-01,A-06,36.67537199645257,30.61652973568995,19.241296216715266
2022-11-01,A-06,33.37135500535009,27.97803328352078,25.350354636685083
2022-12-01,A-06,30.556071950739728,33.513171549820356,19.861252905342177
2023-01-01,A-06,34.82199849128522,30.424201559352085,19.551559468730037
2023-02-01,A-06,36.209252792891604,33.16974756063654,18.699566549553193
2023-03-01,A-06,25.558346330327534,30.316795910403435,22.958799681034247
2023-04-01,A-06,21.355940056793436,27.964475871756516,22.939007003288754
2023-05-01,A-06,33.53221145855682,32.05010242798381,24.678529105747625
2023-06-01,A-06,26.007196352812564,32.716882177326006,20.206801148286324
2023-07-01,A-06,24.37053836114154,30.70990337354946,20.038596163788874
2023-08-01,A-06,21.593590386405403,29.875742343773275,24.022404588569568
2023-09-01,A-06,24.400857946079565,28.70032214208594,18.65304404823098
2023-10-01,A-06,24.313287043879185,27.21775113527319,18.127593703610092
2023-11-01,A-06,27.792792515815815,34.11503880737748,21.661562388708255
2023-12-01,A-06,26.051250352455884,28.669984916193975,23.115778979023517
2018-04-01,A-07,49.339324817624956,11.148562701074388,23.263142368167564
2018-05-01,A-07,50.57848255519105,12.396116719529171,20.097724642347536
2018-06-01,A-07,40.81366803749837,9.429146068017035,20.445421373037142
2018-07-01,A-07,44.322284635751124,10.903048767087125,23.596380170976698
2018-08-01,A-07,48.67283585390173,10.831473143985807,20.375116229568032
2018-09-01,A-07,50.214086276763915,12.448047453029666,22.608163767063807
2018-10-01,A-07,47.36105949587544,10.233230686745205,18.50522500424181
2018-11-01,A-07,44.89353144008849,7.774469310333457,17.08097600964741
2018-12-01,A-07,45.7997702199215,12.10222259430392,15.699723507614886
2019-01-01,A-07,52.467663313241545,10.019066193341834,21.60676726729225
2019-02-01,A-07,56.848947868601,12.366537482043704,18.99814144114223
2019-03-01,A-07,62.12556757726258,10.10801518832046,19.542418710944
2019-04-01,A-07,46.193946647095075,13.0970685017655,20.6938912251387
2019-05-01,A-07,52.876156754072355,10.019635610329617,21.344165281982526
2019-06-01,A-07,40.72183439080443,11.451865851180369,16.528796651023764
2019-07-01,A-07,41.055836262101984,9.763837173842855,17.96297215369463
2019-08-01,A-07,41.41712888502697,10.62970334919721,19.577573216491338
2019-09-01,A-07,50.71896878074341,10.202780716451953,21.772848623002307
2019-10-01,A-07,47.913045389100134,13.375891518295997,21.453284963175847
2019-11-01,A-07,40.579267061732466,14.181710669265874,14.152024793618299
2019-12-01,A-07,48.95942226222908,10.425212669585415,21.617065303423427
2020-01-01,A-07,51.89930498772,10.957598774378804,18.78462171650694
2020-02-01,A-07,47.66872479716532,12.735827540627744,18.555996428630465
2020-03-01,A-07,43.67503890628289,8.4161901583016,17.313578251108304
2020-04-01,A-07,51.656089714745086,13.699463940814585,18.87717845232456
2020-05-01,A-07,47.3212214779559,16.155353211779595,17.648183148215125
2020-06-01,A-07,39.10043690790273,7.850376919257803,15.54645324822717
2020-07-01,A-07,51.50576202837461,10.363956937458529,17.053947146711348
2020-08-01,A-07,36.83525886532835,10.72548355946161,19.28262189733057
2020-09-01,A-07,41.14278974573819,15.000017010013648,15.972820376468208
2020-10-01,A-07,51.123747854544675,10.949447661534018,20.154000763541887
2020-11-01,A-07,42.36952560029597,14.134667546830924,19.0068841287602
2020-12-01,A-07,44.06247080942556,11.978792544533773,17.61221304467769
2021-01-01,A-07,39.628742745515346,10.85264508600296,17.009163690171956
2021-02-01,A-07,39.57905226867383,12.30860425437174,17.951076436303442
2021-03-01,A-07,52.89732113898913,10.804485515502947,20.6825115492232
2021-04-01,A-07,42.897701454035655,15.9141340589693,16.219441584047907
2021-05-01,A-07,41.92110582093825,16.19597591145409,18.173403345716583
2021-06-01,A-07,46.69775469804764,13.435808127911063,19.91496895275175
2021-07-01,A-07,42.12175865265362,6.290640409755026,19.913070154317246
2021-08-01,A-07,48.11446804983337,12.80156172951547,22.094394309743542
2021-09-01,A-07,37.793592068963804,16.252306061744104,16.927404175405506
2021-10-01,A-07,43.30072716098013,10.351812134805117,20.05264415796369
2021-11-01,A-07,44.6016840220578,14.01790576430989,20.838663356001966
2021-12-01,A-07,37.11815538218509,17.893404200598805,19.83015565596833
2022-01-01,A-07,42.982938629368704,13.563551400824178,14.87146501139306
2022-02-01,A-07,50.44502663548779,12.0733679103252,19.17415683157426
2022-03-01,A-07,45.112356311589124,15.474004295350378,17.381134962135512
2022-04-01,A-07,40.141595464808674,14.01960097124109,15.757955204478662
2022-05-01,A-07,36.660778598972286,15.29569055378383,15.07853699859237
2022-06-01,A-07,41.87962740464474,13.427648249222168,17.596258035858995
2022-07-01,A-07,38.0263375804178,14.043901944355639,19.490080522207762
2022-08-01,A-07,34.78267190252066,12.4492934801168,16.394303302384913
2022-09-01,A-07,36.99983395404179,16.342681862018694,16.419989316552705
2022-10-01,A-07,46.49843196732951,14.103039366020525,18.579913135550786
2022-11-01,A-07,40.71839745841029,14.985148068497033,15.654587183203416
2022-12-01,A-07,46.68130437312735,12.691600430165401,17.987127395943602
2023-01-01,A-07,43.76928724164699,14.618442458037025,21.658790538830306
2023-02-01,A-07,43.681065354157894,13.502795972183826,15.605285452464255
2023-03-01,A-07,35.61159620053498,13.8595290249708,15.293329030465696
2023-04-01,A-07,42.28803369609564,14.544138545559136,18.622682869491648
2023-05-01,A-07,38.1474013056355,14.778625805529899,17.54269946394686
2023-06-01,A-07,50.11627660221535,15.628467934126107,20.842685623081234
2023-07-01,A-07,33.77582588729186,16.674227606468907,14.988325409362295
2023-08-01,A-07,41.52214448648865,19.61755688352176,13.504049380925112
2023-09-01,A-07,40.96179289132004,16.39390547081555,14.047100908748371
2023-10-01,A-07,37.99561105766034,13.575843331005263,16.435469143516052
2023-11-01,A-07,37.37408292086596,16.098344506240743,17.250446469367372
2023-12-01,A-07,47.80382214421688,13.525856962017912,15.339242461270217
2018-12-01,A-08,41.424949428455385,10.233242572015158,19.02329270191388
2019-01-01,A-08,51.24740327260714,12.100775899632323,16.968660766067384
2019-02-01,A-08,56.312122418026796,11.986397246807332,18.07985392487732
2019-03-01,A-08,48.351739535642615,11.166133539903369,19.840207923006044
2019-04-01,A-08,51.22467959311859,8.30833934080471,20.81463772270003
2019-05-01,A-08,39.1889886878769,9.385832247200787,18.60979724956285
2019-06-01,A-08,50.5432710153225,12.263488397928002,17.45520133229174
2019-07-01,A-08,50.146833882119616,9.68560316581013,19.751168402538724
2019-08-01,A-08,51.0911870870118,9.931914362419628,21.325380503436836
2019-09-01,A-08,46.24966999838477,10.304778166215035,19.740103418184432
2019-10-01,A-08,51.57596059521785,13.435837362786973,20.365568432405684
2019-11-01,A-08,40.0817936308376,11.666432020242475,18.39565627954728
2019-12-01,A-08,50.58481755715413,9.049294248869666,16.574612445085616
2020-01-01,A-08,46.53072833576785,9.989010013128695,20.064708086214935
2020-02-01,A-08,50.44473994732229,10.24853555377009,20.17079200637646
2020-03-01,A-08,39.707810017426134,13.063401746409015,16.971787722706768
2020-04-01,A-08,47.212616227056316,10.686435485752027,20.53832369617879
2020-05-01,A-08,36.649936032504975,9.440725359123874,20.60515637958357
2020-06-01,A-08,55.96203120407277,10.975324443418565,19.67152872052924
2020-07-01,A-08,35.534784567057514,9.858756379093132,16.839669037801414
2020-08-01,A-08,54.718155495076154,11.736322615426854,19.621584939059705
2020-09-01,A-08,49.032763151616585,8.67968590032724,21.833890903115083
2020-10-01,A-08,47.48866867271865,13.949302358793455,14.976856680002953
2020-11-01,A-08,49.747033952622594,11.987808390522389,23.81993190828866
2020-12-01,A-08,44.59092510849221,12.756669481224916,18.3856396195391
2021-01-01,A-08,45.17116042790456,10.0904032011269,23.74499980569525
2021-02-01,A-08,51.30019594165711,12.598591885137207,16.95688912274344
2021-03-01,A-08,48.56718700935035,11.347474093033856,18.578979221841156
2021-04-01,A-08,41.340737455517015,11.527650327140497,19.324344581466928
2021-05-01,A-08,46.631396006342314,8.640991412976073,20.548538778950487
2021-06-01,A-08,39.873772551368006,11.399327932248399,19.051529312818715
2021-07-01,A-08,44.69673722783686,12.751585864120587,20.075847553595086
2021-08-01,A-08,47.07051098859861,13.080925959643498,19.437806671753634
2021-09-01,A-08,37.69423485269921,11.060873701417563,20.339047801690246
2021-10-01,A-08,40.501397100623585,12.907662576489242,18.804026574783823
2021-11-01,A-08,44.02157501642468,12.72070326264639,18.27471924586531
2021-12-01,A-08,50.23443744189917,12.637484798569627,22.793632533036188
2022-01-01,A-08,42.70497894519849,15.664217535983925,18.14794332554297
2022-02-01,A-08,51.54085607347132,11.943510009518281,19.89821222415057
2022-03-01,A-08,47.36919915956702,15.064675290019679,13.677790736732636
2022-04-01,A-08,51.89034727544358,10.773323946567599,18.658594001955773
2022-05-01,A-08,29.896580406725196,14.123760024344737,20.804775853523722
2022-06-01,A-08,47.88625017609128,13.043305508893635,18.537783399080705
2022-07-01,A-08,40.043794378683614,17.123230370119995,19.537239291789273
2022-08-01,A-08,40.910929828386074,11.741676596100191,20.137502512126282
2022-09-01,A-08,46.52442177665871,12.173181940798434,19.67237544146335
2022-10-01,A-08,42.67145026724103,12.956991787025855,19.31318665518357
2022-11-01,A-08,51.92843074563956,18.819585450731385,19.0803154102519
2022-12-01,A-08,43.123807222027445,16.13199815008495,20.016707997491324
2023-01-01,A-08,38.99822260456843,12.589536185034408,19.00070452852674
2023-02-01,A-08,46.258297445107964,14.510990438751495,18.857089423178447
2023-03-01,A-08,32.4648961777093,17.17848518060069,18.142990190865145
2023-04-01,A-08,35.55231153411548,14.093577061538472,17.96451232044175
2023-05-01,A-08,39.98300522207737,12.379913139806874,16.795512527144332
2023-06-01,A-08,41.52721520777831,13.204010429014668,17.423115018081468
2023-07-01,A-08,35.81498548981687,12.801156551047992,15.017279286465685
2023-08-01,A-08,39.18039219767455,17.237352250303868,14.767278680576164
2023-09-01,A-08,42.907284956848464,13.244474887023296,14.404440481276017
2023-10-01,A-08,45.15936401330407,11.508964357714198,15.554740262813517
2023-11-01,A-08,44.85184993281318,18.97656567191462,20.380567680199583
2023-12-01,A-08,35.539372708414426,14.836957412749825,18.95668359580541
2018-05-01,A-09,79.486495938056,9.042063370903538,25.687143323092393
2018-06-01,A-09,79.18964476169165,6.326796374405281,24.054144312641327
2018-07-01,A-09,78.91500410843032,7.720201262464553,23.55295627708967
2018-08-01,A-09,80.7327287430496,7.246547648197943,24.718641315484998
2018-09-01,A-09,76.03768166018253,7.316835051212179,24.18219998091033
2018-10-01,A-09,75.23797279729651,6.9485073937903055,24.796867941180654
2018-11-01,A-09,80.50466930504072,7.26168144793858,25.555533551860087
2018-12-01,A-09,82.32747291914006,8.11740938214916,25.430837643060237
2019-01-01,A-09,76.31420023827647,8.364270050333255,24.698517057628514
2019-02-01,A-09,80.31029333956863,7.687254461038407,25.94092248824322
2019-03-01,A-09,83.92915109265569,7.863309730014938,23.505320951935502
2019-04-01,A-09,83.12546071650247,8.559138028393832,23.971430483379326
2019-05-01,A-09,78.24286744356299,6.6771644539463635,25.02819419996995
2019-06-01,A-09,87.30539061157293,8.184597610425948,24.49601393018338
2019-07-01,A-09,80.34375324849867,7.8239157590295045,23.09485669959395
2019-08-01,A-09,75.61310135845461,10.394453565340237,25.12481342696213
2019-09-01,A-09,72.54875667210405,7.996282442416082,25.923680534258544
2019-10-01,A-09,79.31117119675739,8.097457415602978,24.177037815794574
2019-11-01,A-09,78.83768993998353,7.652178301275572,25.31884265655338
2019-12-01,A-09,82.6197296585579,7.607725989013627,22.97657877821836
2020-01-01,A-09,86.0712178955688,7.880653955657043,24.78956033298012
2020-02-01,A-09,76.49219157241403,6.996274765272859,24.58848613327813
2020-03-01,A-09,78.28578609118895,8.750046086258147,25.157922122789124
2020-04-01,A-09,76.45891738647894,9.189284202914758,26.59588932436854
2020-05-01,A-09,83.53318188099225,7.589627906219914,23.881919779707328
2020-06-01,A-09,82.32531851346067,7.049094928242898,25.06138371132397
2020-07-01,A-09,84.88863845856086,6.443875168893975,24.436680466493556
2020-08-01,A-09,85.54928586078893,7.521489235971864,24.300083458515193
2020-09-01,A-09,76.93050639845912,7.991375321244316,25.52834268159962
2020-10-01,A-09,79.13083846646656,7.352526597392641,24.729588578817932
2020-11-01,A-09,82.1125356991783,10.25940546774511,25.383344714047855
2020-12-01,A-09,74.17736440433416,8.862863187942793,24.879253751255707
2021-01-01,A-09,82.57129316133414,7.637955580374711,23.158556840026744
2021-02-01,A-09,79.69478234829677,10.076631103916082,25.67303201066086
2021-03-01,A-09,78.91432146702682,4.804977692081909,22.61061654241421
2021-04-01,A-09,77.51107122878021,7.293353208069642,23.984682259391043
2021-05-01,A-09,77.21242175431163,7.356853508717594,24.897147963356673
2021-06-01,A-09,79.49591924483667,9.55690138914823,24.523727861508597
2021-07-01,A-09,79.67580990967329,9.141818280212705,23.599564440644414
2021-08-01,A-09,73.4951109293476,7.919133371084498,24.2590973561544
2021-09-01,A-09,79.87002839475491,8.643379110067757,25.11555315139905
2021-10-01,A-09,79.65103930026189,8.189160570041203,26.269463613998735
2021-11-01,A-09,76.05838191358842,8.711119880467676,24.9583472244257
2021-12-01,A-09,83.1635522034356,10.370624639128263,24.956302306437415
2022-01-01,A-09,75.78934727258064,8.110326160174422,26.459053161219373
2022-02-01,A-09,83.19043192752986,9.287075771987102,25.103631970935396
2022-03-01,A-09,80.12848710113018,7.5739108242879025,25.86100026990462
2022-04-01,A-09,87.22854802243224,5.926050182737065,24.890039722925938
2022-05-01,A-09,73.0937211797902,10.483318626742987,23.584744392653686
2022-06-01,A-09,81.69661311986002,7.0397770612024395,25.80288677725916
2022-07-01,A-09,80.92015441387957,8.769878580041166,25.345905593379793
2022-08-01,A-09,80.80864451969795,10.017494907663291,24.993065894726506
2022-09-01,A-09,82.91590453333009,9.069562347301423,26.72039175904584
2022-10-01,A-09,76.22122135823103,7.713900648832527,26.815517699960598
2022-11-01,A-09,80.8045373444119,8.373946881023803,24.133931525849764
2022-12-01,A-09,76.20996123213273,9.282699721293099,24.538178038780693
2023-01-01,A-09,81.11280046127663,8.368179581933092,25.451407908235005
2023-02-01,A-09,80.96361138179336,7.328272221770509,25.278971481454526
2023-03-01,A-09,74.66129488458284,9.334287035678006,25.259245728054363
2023-04-01,A-09,80.73710410037972,7.013522899593551,23.82796985020105
2023-05-01,A-09,77.7648951155186,7.4905207792203825,25.409154313422082
2023-06-01,A-09,73.87764191669572,6.614193235581805,24.993922975544866
2023-07-01,A-09,80.78844082681782,8.844960880816167,23.85753131560306
2023-08-01,A-09,77.77757098618439,9.162450003372253,26.322037343172546
2023-09-01,A-09,81.61475314461666,8.759890005056645,25.379389550107838
2023-10-01,A-09,77.62151411334098,8.710235250615872,25.318895897222376
2023-11-01,A-09,79.38205952601801,9.1077261520422,27.496816594729452
2023-12-01,A-09,73.86104137111538,7.6771528303795264,24.359226973103947
2018-05-01,A-10,42.769340905367045,12.608946982654107,18.528050803457877
2018-06-01,A-10,51.79761196414043,8.428481262326027,20.22571707803029
2018-07-01,A-10,52.27228207689504,7.8581873438432766,16.021933822674065
2018-08-01,A-10,47.31472233904162,10.967362668746953,19.9065896670155
2018-09-01,A-10,51.35452858018844,10.00616159061613,19.066700800543604
2018-10-01,A-10,55.7254909371391,7.385905188994826,16.47299737366688
2018-11-01,A-10,48.272536366319656,9.272364420629273,22.447474259474866
2018-12-01,A-10,45.952524732501374,7.815681793815791,18.50119063371567
2019-01-01,A-10,38.42812854312311,8.96146144553715,20.53254557355489
2019-02-01,A-10,42.7893849655721,7.78928634060091,21.32708761350892
2019-03-01,A-10,40.056959987835924,7.736841827202301,17.58438650295417
2019-04-01,A-10,46.56904114915265,7.415202522934114,16.77578775385632
2019-05-01,A-10,36.87577240479905,18.303259136339108,17.585535096733523
2019-06-01,A-10,37.35649648273271,17.649186694910505,22.688395646196323
2019-07-01,A-10,45.118546607800006,19.87654362073157,20.4130944188479
2019-08-01,A-10,41.700934003862905,21.28856259184899,21.14908853990756
2019-09-01,A-10,45.41543756433093,17.34063945581976,20.813286759389236
2019-10-01,A-10,34.71771441865501,22.957957459212462,18.866585992036566
2019-11-01,A-10,42.35821843534792,25.607923829007838,20.678532084837737
2019-12-01,A-10,36.156786921508036,22.123570694724187,23.0982756091404
2020-01-01,A-10,43.16295248564386,19.94212328200386,22.3377943489239
2020-02-01,A-10,34.85469368603749,22.552169708582756,16.640403198484634
2020-03-01,A-10,37.87162193460909,23.5405816528369,23.29154615919761
2020-04-01,A-10,41.096265114772606,18.169859766140988,17.6280473563746
2020-05-01,A-10,28.77320305966604,33.35126135427411,17.618039878931718
2020-06-01,A-10,37.68553175731638,26.409442756931092,20.271880217201478
2020-07-01,A-10,35.31507562209505,32.40145846229634,19.689214727565417
2020-08-01,A-10,23.811175157549165,27.69330001882755,18.766706035822
2020-09-01,A-10,25.15790080006931,31.108981854822037,19.78773841332445
2020-10-01,A-10,34.64389178442315,30.040490782631544,19.545505533769738
2020-11-01,A-10,28.793950383650767,33.582875136959515,19.99694266042433
2020-12-01,A-10,23.72427043917817,30.559310842893204,21.225012560074987
2021-01-01,A-10,27.58221897372192,25.58586912014168,21.657484715285907
2021-02-01,A-10,25.905473858348028,31.222452948270394,18.898375650098686
2021-03-01,A-10,28.134934710767507,31.181282450552352,20.263927620198864
2021-04-01,A-10,39.251896863093876,32.97906647570569,17.3139308203866
2021-05-01,A-10,18.423453647457215,26.260922055609974,19.608502736837032
2021-06-01,A-10,32.986139655070126,29.554838600880196,17.78479792165818
2021-07-01,A-10,24.517573588108988,26.279945125367114,18.927396088852873
2021-08-01,A-10,38.18827668022223,30.691701394333244,19.114367529702754
2021-09-01,A-10,35.85607975444976,26.792799879681755,20.72069778602901
2021-10-01,A-10,30.711940601134422,27.26993497449737,20.803989762818087
2021-11-01,A-10,27.358171015908486,27.248346639750267,19.813700318584015
2021-12-01,A-10,31.938391197889917,29.559097896607025,21.84114438095022
2022-01-01,A-10,31.612038584569586,32.00755762568359,19.190284572844703
2022-02-01,A-10,29.458305090109572,30.871910520609248,20.051474326025776
2022-03-01,A-10,30.641752003686,32.068856506905455,20.460831744429218
2022-04-01,A-10,32.90148692720634,30.68024522814284,14.712571669214462
2022-05-01,A-10,19.9976937002651,27.659864417387602,23.394217847368036
2022-06-01,A-10,24.293962024180345,32.15489860149413,23.139926814069803
2022-07-01,A-10,34.8119294944198,33.39014102378766,21.073025164408353
2022-08-01,A-10,29.003830670476596,29.00517818742898,16.297160382930166
2022-09-01,A-10,24.91372254352226,28.51689634714281,21.252214573975422
2022-10-01,A-10,33.53718209470934,35.65559178953056,20.84350590272154
2022-11-01,A-10,31.384095221637892,32.070490000705,20.945669070367682
2022-12-01,A-10,32.25985102241395,31.260687061702782,21.01164190128035
2023-01-01,A-10,35.68866471710751,33.21026498402082,23.553841762687313
2023-02-01,A-10,23.98118911402851,28.63996070006178,23.115462527980394
2023-03-01,A-10,26.32593378735563,31.565813125892472,16.711615126025624
2023-04-01,A-10,32.704164759816244,26.10297085095545,18.229481102287213
2023-05-01,A-10,41.400146794796555,27.155854078061118,18.229208500067866
2023-06-01,A-10,32.900783810572634,29.69725534133491,17.628534594859083
2023-07-01,A-10,35.78748937937643,30.149279338725453,17.51155198227878
2023-08-01,A-10,12.735738705837448,30.06353191626912,19.417644652527173
2023-09-01,A-10,34.258074720375625,28.9474899731995,15.971163917927104
2023-10-01,A-10,31.72380579412321,30.926594322326366,23.360616109603153
2023-11-01,A-10,31.662663793727987,30.979502696455434,18.791636956155315
2023-12-01,A-10,21.204001508081078,27.542099375442874,23.02276055924397
2018-11-01,A-11,33.59522171351519,21.01549813160153,17.960503288982274
2018-12-01,A-11,34.909646501709084,24.499339338253137,21.40984396923386
2019-01-01,A-11,45.11489504972661,20.521594621154353,18.396310736954042
2019-02-01,A-11,37.19699225090182,19.420649386404065,18.4196400140778
2019-03-01,A-11,37.44041736219989,24.17684359030018,20.713530487617874
2019-04-01,A-11,37.50509069920381,22.935622008498182,19.81511628395209
2019-05-01,A-11,33.012848854789276,17.617527744872092,18.05238509075239
2019-06-01,A-11,31.77540941492407,25.794336892748866,19.51672276384736
2019-07-01,A-11,45.11686527369361,25.89964954730234,16.41004733107286
2019-08-01,A-11,43.288818506994986,15.836647262049267,19.19916487858932
2019-09-01,A-11,41.53365769294376,25.152523043156773,19.61328743638575
2019-10-01,A-11,42.76517688330267,19.73748074750525,21.03920423248627
2019-11-01,A-11,36.32022319993952,17.394194745274874,19.70094609299427
2019-12-01,A-11,41.619766046927275,21.391150933215858,18.715776059441563
2020-01-01,A-11,35.52401286779893,19.684707481414453,18.540689275638705
2020-02-01,A-11,39.859474858387685,19.058682565677742,21.57602196312356
2020-03-01,A-11,30.54722799344122,24.1939088565329,17.755925290011245
2020-04-01,A-11,32.37658486747906,19.41795248793357,15.11383058993605
2020-05-01,A-11,45.11516646182576,24.13409952685415,21.150786890120983
2020-06-01,A-11,33.16600878380406,27.648832417362865,16.35160452882432
2020-07-01,A-11,36.86395622487562,27.553900372115642,18.666128645807255
2020-08-01,A-11,38.01272909859141,20.69019722370732,19.228895545441066
2020-09-01,A-11,33.354581578168,21.27810132993985,18.06085426074553
2020-10-01,A-11,38.069155655208114,22.657916679922394,18.44546228532849
2020-11-01,A-11,31.033524787174848,29.97547997349284,18.96475899686001
2020-12-01,A-11,25.311052247515487,27.46136143735381,17.753764954068625
2021-01-01,A-11,32.87557481931451,29.338324992268706,21.703027239486534
2021-02-01,A-11,27.541676506423016,21.577935950801503,18.411662056386394
2021-03-01,A-11,38.723444834639196,29.598292945802733,14.745586236281355
2021-04-01,A-11,44.24473110603539,25.371958050697557,19.132352198867075
2021-05-01,A-11,35.45773280409911,25.63202829392406,16.507195827902677
2021-06-01,A-11,28.907789719288154,25.734350221320344,15.90963052027525
2021-07-01,A-11,32.32587825025114,22.006517010359982,21.837628718805597
2021-08-01,A-11,30.11181297614873,23.28580934856185,18.60326524745547
2021-09-01,A-11,44.79298292979013,27.524123667300586,17.49436851553046
2021-10-01,A-11,36.82191672519407,25.243490597622014,14.988946123026995
2021-11-01,A-11,35.542875737652295,25.214699598103554,17.269975028333732
2021-12-01,A-11,34.668726191520804,26.820140254212184,17.413569106807028
2022-01-01,A-11,37.392267715595445,30.574056549663432,18.275153484013213
2022-02-01,A-11,25.28620077664933,27.020346048147772,19.21310121264478
2022-03-01,A-11,28.868861979667493,28.150751906512262,16.631683372580493
2022-04-01,A-11,31.85943590617771,22.20764149342935,16.447821737239135
2022-05-01,A-11,29.451198444162294,26.949617177010268,15.556426343715252
2022-06-01,A-11,32.63943136646416,26.566541845615497,21.653564801906345
2022-07-01,A-11,29.661358341516127,26.38145083690562,17.29480493218101
2022-08-01,A-11,28.273239540194655,22.994953866413553,19.31182014014447
2022-09-01,A-11,36.519500431265996,24.594689235894382,18.50257287634121
2022-10-01,A-11,34.012105728468356,30.93424064267206,15.210555672283668
2022-11-01,A-11,31.572151277219632,28.19300531344487,20.694610583498736
2022-12-01,A-11,23.67447568357563,30.145933298256537,17.53188707789572
2023-01-01,A-11,32.3446780194261,30.27399514999746,17.77069990019592
2023-02-01,A-11,24.974373438611593,30.496792465902704,18.79826559726165
2023-03-01,A-11,18.848388897295287,24.94753817722451,20.55422605839621
2023-04-01,A-11,20.918540063375275,23.61258841049442,14.382624429560856
2023-05-01,A-11,25.30672612019358,30.497250678170815,20.10251290784351
2023-06-01,A-11,24.202962077081295,29.13760184513326,18.317493782749388
2023-07-01,A-11,25.7240853521772,24.189800449185427,17.836124002011864
2023-08-01,A-11,30.445398440142224,32.96642727247782,17.06652071179728
2023-09-01,A-11,25.169382907148062,34.33188516950406,20.65228535084098
2023-10-01,A-11,24.585997368299555,28.086941980582345,18.497428203069276
2023-11-01,A-11,14.233075567881478,23.879816110961713,18.319575590681346
2023-12-01,A-11,33.80912506553096,29.696989596123217,20.27628373932265
2018-08-01,A-12,39.04533000940867,18.166132056563868,17.319499802679058
2018-09-01,A-12,39.563801866410834,24.167084334349198,17.094815294535383
2018-10-01,A-12,50.12424361228569,18.204360979238995,22.626206633528913
2018-11-01,A-12,28.707880415526862,15.5973003325149,17.590397927063787
2018-12-01,A-12,40.41527942014939,28.398325795998208,17.342472693877106
2019-01-01,A-12,46.679926393650604,19.607984072966314,21.290058448936527
2019-02-01,A-12,44.42988075954593,25.813776999702323,16.316489480349723
2019-03-01,A-12,46.67177223369751,23.051221174113586,16.924384836067
2019-04-01,A-12,30.08951670018189,17.81426815485894,20.358712952190523
2019-05-01,A-12,32.416343075355435,20.8467285465565,18.002218441971166
2019-06-01,A-12,35.02048234916371,24.755785713635266,16.549474118128398
2019-07-01,A-12,40.46504421303167,24.53371295911113,16.973368072630365
2019-08-01,A-12,35.78324369921744,18.92819421149203,15.883752339884563
2019-09-01,A-12,33.61789056070529,22.60495602591692,20.477218553579615
2019-10-01,A-12,34.71572008224943,17.753374838788645,16.11971616719487
2019-11-01,A-12,34.58569580889854,28.064628392298786,15.826766887851624
2019-12-01,A-12,34.253724391786456,23.5595054613106,19.22796895470912
2020-01-01,A-12,23.212939972640726,21.486898009090382,17.289966766103532
2020-02-01,A-12,35.521729448128696,27.176463736513725,19.45282992416982
2020-03-01,A-12,35.231093472627904,24.39282155543945,17.176645753998272
2020-04-01,A-12,35.26072899069731,27.797685126741424,16.123087076284428
2020-05-01,A-12,45.61051656597607,22.07539469276221,17.945822340108446
2020-06-01,A-12,30.25174032994306,19.94682349460611,18.74528247956992
2020-07-01,A-12,34.97816879945622,21.947402985861395,20.189603013395235
2020-08-01,A-12,35.02191793483537,24.779262439771657,15.732445736773801
2020-09-01,A-12,33.37535151437292,24.04362476203707,18.97349376786282
2020-10-01,A-12,34.65640085431247,27.181336742841708,17.464053946679734
2020-11-01,A-12,34.42587436427831,29.991224468913824,19.41892670802479
2020-12-01,A-12,30.73380979780366,29.76772065669575,18.19039976411604
2021-01-01,A-12,30.756534049206607,26.403634209146343,19.176236559240596
2021-02-01,A-12,26.490325926588433,27.39714964427749,17.941256338523463
2021-03-01,A-12,33.2412244247734,25.233961602333835,14.722473771085298
2021-04-01,A-12,36.44394270380011,27.130961551299613,19.130154776616237
2021-05-01,A-12,30.688147263206282,27.181960567074327,20.228703582692035
2021-06-01,A-12,34.67973299743178,18.061290916004918,18.617259799697393
2021-07-01,A-12,28.031391636002315,21.104153977927687,14.668800405334803
2021-08-01,A-12,30.839326406602463,24.38483246079346,21.968125268137467
2021-09-01,A-12,33.64569918213257,28.798228355088472,15.117694112330135
2021-10-01,A-12,23.744187180878203,20.470606667009037,18.8928696245261
2021-11-01,A-12,33.461836930831325,27.34963561145083,18.24954615313756
2021-12-01,A-12,18.736512136981972,29.520930502704594,18.22691879116087
2022-01-01,A-12,29.44987746548204,28.467655930167265,14.87610219320886
2022-02-01,A-12,22.09369711107808,32.74036170718798,18.944731789448134
2022-03-01,A-12,31.586279169936844,27.11120545161856,12.739290880424875
2022-04-01,A-12,32.16797568542626,21.880322367248233,17.45068275330585
2022-05-01,A-12,33.98602312703635,30.56457879403431,16.674829037095172
2022-06-01,A-12,22.53771220605511,25.042437697817697,21.6219537374722
2022-07-01,A-12,26.084719815049393,31.798745906893046,17.03580683690616
2022-08-01,A-12,32.00544007486178,28.606863138952548,21.836003713060897
2022-09-01,A-12,32.74584860701778,26.99084260088094,14.855402944779126
2022-10-01,A-12,24.22914351931124,26.502531013439302,17.620446959416764
2022-11-01,A-12,26.15302531500064,28.320277703995398,16.36591438144212
2022-12-01,A-12,25.399400923866395,28.870738501541823,17.44115381746603
2023-01-01,A-12,29.426834661584557,31.168000570790305,19.90379081864687
2023-02-01,A-12,29.805644294213288,21.73179894782293,17.622571488604034
2023-03-01,A-12,28.608909939365546,27.698447184866787,17.85104839938182
2023-04-01,A-12,29.281376079984625,30.52173508087927,19.501567092839466
2023-05-01,A-12,15.158919018041875,31.27355804643873,18.350316330947102
2023-06-01,A-12,19.46400437521651,34.250538804917106,18.694259355254314
2023-07-01,A-12,27.843660039105355,27.815725243973908,18.718347043178635
2023-08-01,A-12,25.70677699859625,28.51959328976764,20.14081923004516
2023-09-01,A-12,26.373734225508485,32.92884790234773,16.584543388436376
2023-10-01,A-12,26.98913047773058,34.90420448654696,19.68187664112577
2023-11-01,A-12,26.77691981854381,34.79934195920055,15.85659598650931
2023-12-01,A-12,21.761211162732465,24.1495221065059,16.076370127031247
2018-07-01,A-13,41.92731632106949,12.955545088282117,17.218040322630888
2018-08-01,A-13,40.443954280411305,18.343912076263333,20.812878536345455
2018-09-01,A-13,40.90528582876515,23.57380877476328,17.355069060096735
2018-10-01,A-13,40.48942609789946,21.313536882814766,18.90677946081759
2018-11-01,A-13,42.825078149631146,23.63008837617798,14.504553482113755
2018-12-01,A-13,33.07021944516278,19.40543872627691,17.394906434754418
2019-01-01,A-13,37.55398085626543,18.34345523865631,15.895198857360548
2019-02-01,A-13,43.10291203025301,22.62511415006827,20.2214951825044
2019-03-01,A-13,46.47218580635678,22.647791798241546,18.677191024208593
2019-04-01,A-13,41.326744790056175,20.629988214067616,18.58132381377984
2019-05-01,A-13,37.10891549204395,23.194850263817692,16.291998893603104
2019-06-01,A-13,34.6937878996101,23.97184991341003,19.31946354665531
2019-07-01,A-13,33.936049115339394,20.426539904721885,18.19909550860694
2019-08-01,A-13,40.98003027351509,22.910418550969162,19.691402464859067
2019-09-01,A-13,38.80037052240756,19.460262607889028,19.37664736183671
2019-10-01,A-13,41.278855833187755,20.132292259393925,15.371243332489252
2019-11-01,A-13,38.0041426560377,18.89261633563957,15.204524808806754
2019-12-01,A-13,31.481324861697345,26.104649480716972,20.2523328651991
2020-01-01,A-13,37.37242706899766,22.40933943755029,17.570767202552517
2020-02-01,A-13,33.950174749775485,16.75219096004059,18.097020612145855
2020-03-01,A-13,26.736380999367046,22.104836626232853,16.876840467790732
2020-04-01,A-13,37.22859357857266,21.8625678254091,17.27880739272949
2020-05-01,A-13,27.414791566391628,27.83466358010062,17.084231257398173
2020-06-01,A-13,33.71594111285782,25.041951733959014,15.871889387678378
2020-07-01,A-13,38.2517947642627,24.65112100068158,21.342835024296697
2020-08-01,A-13,35.20589690802345,22.153733761560996,19.133598279209956
2020-09-01,A-13,40.23911158879701,29.943810137982418,19.94355386767478
2020-10-01,A-13,30.23546944109671,25.410629049750522,17.94328221095338
2020-11-01,A-13,28.05735671195565,26.303331015240303,18.272444684916593
2020-12-01,A-13,32.31063580237494,26.330783885761274,19.387521787181697
2021-01-01,A-13,28.577174843397025,26.854002716514536,17.812121893620297
2021-02-01,A-13,28.596372271159254,24.781369675090282,16.90255852718052
2021-03-01,A-13,30.900285704194403,23.281749510658297,15.200504452176538
2021-04-01,A-13,33.22815574708073,25.024735325489516,19.43349889911471
2021-05-01,A-13,36.04572041834651,27.88149294244939,19.796470257733453
2021-06-01,A-13,34.486630939429915,36.24048423491166,16.141094811686532
2021-07-01,A-13,26.889424051783607,29.58296464173402,19.583842164128622
2021-08-01,A-13,27.77690024984815,28.312834787039368,17.86740637494412
2021-09-01,A-13,33.2889167362369,22.515852985926344,21.053070733384082
2021-10-01,A-13,23.95666007470993,30.301788358446235,14.898714436907266
2021-11-01,A-13,19.919032168370602,24.057250316619232,17.74761098470369
2021-12-01,A-13,33.242646727429594,31.38931987832771,14.049810463567319
2022-01-01,A-13,30.580588436438553,31.463947832531815,19.554416829859512
2022-02-01,A-13,34.460276972915146,23.327035998317744,15.844713976039447
2022-03-01,A-13,29.42257466632868,31.48103720487448,17.5307405005175
2022-04-01,A-13,19.834626896543305,18.885603456240652,18.770519578948193
2022-05-01,A-13,27.532433478431578,32.45750817791505,18.36317837865451
2022-06-01,A-13,34.43945418496199,30.63905210378649,14.922596573219973
2022-07-01,A-13,35.60499203581645,21.11755387659123,18.66926894240008
2022-08-01,A-13,36.10630635024293,29.724687619383296,20.286750871647975
2022-09-01,A-13,29.882239140749274,28.42674015826517,18.360150460606004
2022-10-01,A-13,28.510057547759686,22.633071079663246,19.313148176278844
2022-11-01,A-13,33.680289975101886,24.5198038465794,15.680296291676477
2022-12-01,A-13,29.012571089865304,29.129580172833222,16.73525964302078
2023-01-01,A-13,27.5240932368051,33.40346554276949,17.826639628215222
2023-02-01,A-13,25.993949656014856,31.678688539709512,17.973545619267206
2023-03-01,A-13,25.503741693989156,31.252205776369614,13.185972010155318
2023-04-01,A-13,29.700832461863975,34.59648890315684,22.492455656615103
2023-05-01,A-13,22.99189969750647,33.258456115639135,19.681391592167692
2023-06-01,A-13,22.02395922864891,33.664589882210365,16.979645327939995
2023-07-01,A-13,27.569942420983402,28.94625945323967,21.213911123320155
2023-08-01,A-13,27.7869613871794,25.195884788641976,15.107506479762474
2023-09-01,A-13,21.24954018337529,30.331061025584063,16.471363188909656
2023-10-01,A-13,29.30527685717548,31.592447942037495,22.068351554825412
2023-11-01,A-13,24.18026750598402,33.57070002804609,19.90106852251957
2023-12-01,A-13,19.60599678367118,34.853322947553494,18.1671863725187
2018-11-01,A-14,41.0551721004572,21.16679304906158,17.629101553524315
2018-12-01,A-14,39.67904407538719,19.920555588250682,16.08006467501067
2019-01-01,A-14,34.84396780685981,24.578887107665878,20.0246381304875
2019-02-01,A-14,38.66875036727453,25.683105222575175,19.362505605609392
2019-03-01,A-14,31.2227212645255,20.708680568219584,17.98758511348496
2019-04-01,A-14,37.68689056031494,18.638816897617453,21.16434098842748
2019-05-01,A-14,36.91551870486035,24.600653700647083,16.782504132027498
2019-06-01,A-14,34.27045607930279,22.532703899678765,21.876462661541108
2019-07-01,A-14,33.615687905542586,21.94313797254831,17.997759323121233
2019-08-01,A-14,35.706360346717865,22.83531240093134,21.13206340191702
2019-09-01,A-14,31.654692565825126,24.852926312792054,20.701006386016346
2019-10-01,A-14,28.554573627655717,18.052076521898027,16.381890645570344
2019-11-01,A-14,33.3950875521495,22.71314558562088,15.828492712031085
2019-12-01,A-14,40.717800156268666,16.38955269640238,17.87487326209079
2020-01-01,A-14,37.55123026627848,19.40039846885459,15.911349799222846
2020-02-01,A-14,37.97221423966752,21.287635291296493,19.892794135737677
2020-03-01,A-14,37.56200012119965,25.757333680886255,17.953575704929865
2020-04-01,A-14,29.83768881066441,21.52761044743312,18.833471738531266
2020-05-01,A-14,33.8025744088235,23.228663498180495,17.86617098443083
2020-06-01,A-14,38.653300008109596,21.029098376265296,15.88953532304455
2020-07-01,A-14,31.568740018424457,22.01112409613261,18.198537966180503
2020-08-01,A-14,32.55882861261783,25.431058409755437,17.65487608787357
2020-09-01,A-14,44.12752799023001,24.996456711207042,16.554500011590523
2020-10-01,A-14,43.92610558269682,22.408062082308817,14.928024815630154
2020-11-01,A-14,32.667088818950674,21.049191696689235,16.35832176964693
2020-12-01,A-14,39.492552573898266,26.225663712288906,20.451567094750498
2021-01-01,A-14,32.73277873401932,22.01517499477153,19.694798386929747
2021-02-01,A-14,28.84935173838469,25.081586784929886,17.88350433201183
2021-03-01,A-14,25.40253883632471,24.570455859071885,16.32357771446551
2021-04-01,A-14,22.56175131664062,20.005052183055785,20.453097981177038
2021-05-01,A-14,33.98383879607386,26.342347766923154,19.842637085882274
2021-06-01,A-14,30.052796863137473,26.764451577721033,17.78367568858367
2021-07-01,A-14,27.726784869608423,20.68473884467994,21.628354964219504
2021-08-01,A-14,35.70441887979159,23.41471870565497,14.324711443765793
2021-09-01,A-14,22.400342146530214,20.939870869551484,18.796706497389316
2021-10-01,A-14,35.97135532215654,26.094603071129605,17.243182208716227
2021-11-01,A-14,25.61742382086082,25.526225723539376,18.778472428944244
2021-12-01,A-14,28.478149262926415,25.73378223283455,21.43972352827254
2022-01-01,A-14,35.65873173964268,28.344090474962275,17.182806948321762
2022-02-01,A-14,28.262250057034933,29.94540145309576,16.827333322499094
2022-03-01,A-14,25.70876869999227,24.692562391207986,20.54041764862225
2022-04-01,A-14,28.21844078861711,31.79744778380979,15.168968335720908
2022-05-01,A-14,24.24514393239727,28.67134930131259,16.862344878195394
2022-06-01,A-14,29.548039677091317,25.404414120152357,18.088370495134654
2022-07-01,A-14,26.521047942166184,29.902945488118856,17.765735495797188
2022-08-01,A-14,30.759777084241716,31.49677736702646,16.105837155345494
2022-09-01,A-14,34.574790183553944,31.69702706163044,19.671725903392787
2022-10-01,A-14,26.619843242313404,23.976351840613,18.845457195014426
2022-11-01,A-14,22.25737547735917,30.547188827630812,20.673765019796225
2022-12-01,A-14,19.990931327144047,25.986411228046286,17.909506851851596
2023-01-01,A-14,30.759408634081638,28.8092758549135,16.948743136164957
2023-02-01,A-14,31.862327807355527,25.205350038147717,16.301063975955778
2023-03-01,A-14,23.087994633627787,24.50796045777666,16.960357406285215
2023-04-01,A-14,26.80544838177488,33.7913342807436,19.149865907318322
2023-05-01,A-14,18.64436707469077,31.737125921258155,14.891462843737951
2023-06-01,A-14,22.478661744340947,31.65564089858171,16.14007092742513
2023-07-01,A-14,24.109524039054133,24.442466944069906,21.041334830874924
2023-08-01,A-14,25.54130650622226,23.438714400750555,18.05760958605757
2023-09-01,A-14,20.464885111547815,26.168500214641746,20.944057338831847
2023-10-01,A-14,20.464022250582314,26.721868361823056,13.566493647690429
2023-11-01,A-14,28.103831590959786,32.6132075956043,21.082354685079643
2023-12-01,A-14,20.643672540175388,31.67303956043365,14.99599161364426
2018-04-01,A-15,49.12257964320596,11.608810377582149,18.965185813288937
2018-05-01,A-15,51.523186358934176,9.801564106357342,23.222761102337277
2018-06-01,A-15,52.10886068560929,12.026516448896267,20.886733716608557
2018-07-01,A-15,58.02559098949105,9.264251455373817,17.967842819284467
2018-08-01,A-15,53.01969534866672,9.712846252587019,20.159090702315925
2018-09-01,A-15,60.55716691261861,12.55087146452863,20.528815456976858
2018-10-01,A-15,51.86047637949791,12.193774654326353,20.422598844988393
2018-11-01,A-15,52.85885411658673,11.974335901760472,17.277304249561364
2018-12-01,A-15,37.86230820991882,15.490582010585413,23.52690193539042
2019-01-01,A-15,36.290358311535684,10.80000743431098,16.26423871373337
2019-02-01,A-15,48.93467025703907,8.371518207467282,17.818394859172766
2019-03-01,A-15,36.604487214363324,13.817931431576607,16.406103192786865
2019-04-01,A-15,44.60019938007953,11.35501455738331,19.296802981377454
2019-05-01,A-15,47.74490083289766,9.585140882858967,21.17025900856626
2019-06-01,A-15,45.101627297611785,7.969825172906666,15.838978236540884
2019-07-01,A-15,53.00003012385002,9.839712395803538,15.465765976554026
2019-08-01,A-15,54.02376744841321,9.815762997605757,17.22326474094227
2019-09-01,A-15,44.36301699902211,12.209381832583928,17.406324977894403
2019-10-01,A-15,44.09060513528782,10.859309076263914,17.269394861196186
2019-11-01,A-15,45.45703912323363,9.798097167695138,16.061848479975843
2019-12-01,A-15,41.00665510458176,10.748650659880083,21.704099876501395
2020-01-01,A-15,40.09254269877121,12.402166702635919,18.96999502268139
2020-02-01,A-15,48.43975311931149,14.373458328290196,21.01795078417179
2020-03-01,A-15,45.13808813434519,10.329964737035015,19.202248625984815
2020-04-01,A-15,49.518472492758875,15.87266490885008,18.90677694912431
2020-05-01,A-15,48.456681167710684,12.956079959925415,19.1742589092144
2020-06-01,A-15,46.16702948144904,12.865705452328111,16.270841810207326
2020-07-01,A-15,40.55534485643115,12.559920175134327,19.775194595376743
2020-08-01,A-15,40.91258387593978,11.632322809961856,20.641429075888052
2020-09-01,A-15,46.2065051045073,13.209163059220089,16.371631333396454
2020-10-01,A-15,48.994280616238854,13.56051560393931,19.21914164900938
2020-11-01,A-15,48.87919876820756,12.141717709767452,17.69319412206964
2020-12-01,A-15,36.84764336517362,12.259844186441835,16.902237171086124
2021-01-01,A-15,48.262676816106875,9.138403750003278,20.86084372090251
2021-02-01,A-15,36.10697230505901,10.545257790326035,17.529416338851043
2021-03-01,A-15,52.109976626761636,12.786053035299767,17.197364432119876
2021-04-01,A-15,44.68213471657621,11.783688636114142,21.60310378200598
2021-05-01,A-15,47.793547632841346,15.022741074551691,19.207553922775737
2021-06-01,A-15,51.957356876266985,12.591392923048648,15.358285546236115
2021-07-01,A-15,46.027619137996446,16.05322081717512,20.828415330477334
2021-08-01,A-15,41.9024031571583,11.679375599895057,17.61485102290374
2021-09-01,A-15,42.640223911782726,11.278060591413247,21.767630730390195
2021-10-01,A-15,42.57463867447118,13.915605693241467,20.40158246288879
2021-11-01,A-15,37.63562596159539,10.929031584551488,14.673546625298195
2021-12-01,A-15,50.85198350976045,14.37373791587487,20.484827978795373
2022-01-01,A-15,41.288941798328814,14.85770992804359,19.188043108855727
2022-02-01,A-15,49.5276360212613,12.044364230486984,21.01173379240351
2022-03-01,A-15,36.76764285448733,16.131843345918842,18.134850509730466
2022-04-01,A-15,44.537591545261414,12.833804800845865,18.652194336884357
2022-05-01,A-15,40.76841853891984,12.73313449071282,15.372795906281784
2022-06-01,A-15,45.84519823535438,16.06301973263785,17.740519991505447
2022-07-01,A-15,49.14989568285955,13.168108401407583,16.323347851552757
2022-08-01,A-15,43.64630173844424,13.805448163390572,17.09102913321013
2022-09-01,A-15,39.51610508231087,15.106934165194406,16.694675092455384
2022-10-01,A-15,31.67353242805683,16.20066351171168,18.639628860102142
2022-11-01,A-15,44.83582118902119,18.111461960888956,17.578989078694644
2022-12-01,A-15,38.98388558744556,13.370660986944323,22.340389473051786
2023-01-01,A-15,33.7953797842384,14.015875856147115,17.586027944723398
2023-02-01,A-15,39.99915865323431,9.823260485343102,15.049125038133438
2023-03-01,A-15,40.00317931235538,14.819731416041453,18.517735125201646
2023-04-01,A-15,31.00392475935545,14.164071267642509,18.416690515565744
2023-05-01,A-15,37.40269179162485,12.166780607036776,17.780350552666786
2023-06-01,A-15,43.91947075366047,13.901777920706284,18.40417425952845
2023-07-01,A-15,44.03138265025309,18.907884093794664,17.65875059468133
2023-08-01,A-15,38.61553401931686,15.59645342152249,18.006281982646847
2023-09-01,A-15,35.73753758073231,17.390225140848145,14.734494122668973
2023-10-01,A-15,31.543540446225222,14.369235776815476,19.057287591742483
2023-11-01,A-15,45.91472330996341,10.99781624886828,17.678368608059998
2023-12-01,A-15,34.29522672826385,12.18114780679917,16.478766399021648
2018-06-01,A-16,53.179180733366614,11.58642710605893,22.016511178695257
2018-07-01,A-16,53.88400744525521,11.945228596313344,15.689269642115097
2018-08-01,A-16,51.734437776738524,12.073642734749626,20.478403190651274
2018-09-01,A-16,47.1277571731757,9.993988965937884,19.377608791698265
2018-10-01,A-16,54.62472020223028,11.426372314250527,19.95790072982758
2018-11-01,A-16,51.18991866436441,8.123650917811261,15.89174915556405
2018-12-01,A-16,54.51758919880365,7.642729420585861,20.70964535648735
2019-01-01,A-16,56.9158917149958,9.335451513202887,19.115403784180856
2019-02-01,A-16,43.67530824808534,8.446844955389258,18.156223044501846
2019-03-01,A-16,43.910522042617835,13.005999607042115,17.914960131139225
2019-04-01,A-16,53.40685419979985,12.339827636682116,24.584786630118252
2019-05-01,A-16,39.72525463742681,10.394896961666257,20.802423624803627
2019-06-01,A-16,51.91833279248561,13.126732769920295,23.71580982466943
2019-07-01,A-16,48.30055296184331,9.10529442077506,16.81834184969125
2019-08-01,A-16,50.15073462444453,9.894713082483367,20.36984718164963
2019-09-01,A-16,57.26907435548358,11.334762165408135,22.470856975866717
2019-10-01,A-16,42.68390953912364,13.156042922701184,21.091268136583817
2019-11-01,A-16,44.6450188913517,8.942679175994954,20.65261174911526
2019-12-01,A-16,39.56877088686448,15.240931971472461,22.279088425950594
2020-01-01,A-16,42.460007162920974,11.89189159624067,16.786217064131296
2020-02-01,A-16,52.18115451880215,9.05069716323409,19.115377082191294
2020-03-01,A-16,39.37606411525063,12.91836476488953,22.251993884489128
2020-04-01,A-16,34.95962597538488,12.965044861279639,19.651194781261115
2020-05-01,A-16,42.36320576753905,10.731931979067845,19.390106062075155
2020-06-01,A-16,37.30603199497256,13.823233510345808,17.959031668489832
2020-07-01,A-16,46.183112341514935,10.376733892935546,13.323669020686959
2020-08-01,A-16,52.755621465181065,9.528828732102506,16.94831782847929
2020-09-01,A-16,47.91625629148826,11.367227277350462,18.88024780744303
2020-10-01,A-16,50.224029512109595,10.776587567693987,20.948356976329826
2020-11-01,A-16,45.61674422537547,13.888758886002746,16.4096118203869
2020-12-01,A-16,51.15339962255822,10.437083081816782,18.250198006044137
2021-01-01,A-16,41.12431051023508,13.819153424731985,20.16569651864123
2021-02-01,A-16,44.20828148230925,8.978960362764402,20.29031031568925
2021-03-01,A-16,36.232812343515114,10.453518682732206,15.112043640051471
2021-04-01,A-16,47.40253698636598,10.611165807882662,14.733972086191315
2021-05-01,A-16,37.60642832875699,10.844468413322987,20.38566102276648
2021-06-01,A-16,37.71173710033867,11.390801816583473,20.50886822064038
2021-07-01,A-16,44.12761217843238,12.53909611810635,20.17341936658902
2021-08-01,A-16,43.804327434106156,15.117058344442613,17.727239975555797
2021-09-01,A-16,46.032318516876124,14.68949542142675,15.806049494550427
2021-10-01,A-16,52.39676153650451,15.934013502744286,17.477237304453144
2021-11-01,A-16,36.62083873264081,17.87743648163806,20.194179122082723
2021-12-01,A-16,47.138956256404654,15.580936395759224,16.68314420257193
2022-01-01,A-16,44.7069911408821,16.364588705422324,16.18674616189556
2022-02-01,A-16,45.491975040043414,10.763752829980636,18.386765448381613
2022-03-01,A-16,46.021413406699494,15.301627503022043,22.921014692105725
2022-04-01,A-16,35.44228993708492,12.187941948558969,15.987099516001336
2022-05-01,A-16,43.469912125709754,16.025742533809655,16.412500397900214
2022-06-01,A-16,43.34831093365932,13.275745933293825,20.899955073447426
2022-07-01,A-16,41.59615352181859,14.461419547319043,15.323178151636531
2022-08-01,A-16,40.542356202815064,13.0106906366023,18.617283605364463
2022-09-01,A-16,41.99567678753448,12.561108331006295,17.50966927538529
2022-10-01,A-16,36.32576897319956,14.012086941868715,18.905265215993126
2022-11-01,A-16,53.304314659586794,13.16278321285942,16.45266810439482
2022-12-01,A-16,43.061342203290934,17.981245570824626,20.948800296904203
2023-01-01,A-16,43.00639627499464,17.144066899538842,20.138930123775744
2023-02-01,A-16,34.37719322081975,16.0035969114778,15.714380748599165
2023-03-01,A-16,41.34567767178445,13.884386515467028,16.376078403986888
2023-04-01,A-16,36.553528312864486,14.59997312641486,16.983263786490475
2023-05-01,A-16,37.523309257811974,16.392951963432736,19.363826555530526
2023-06-01,A-16,42.98003035861785,13.814676345787804,14.260776845984832
2023-07-01,A-16,31.433338019124868,14.905185491517617,15.059199029572385
2023-08-01,A-16,33.55512353711382,13.236114277593806,20.94251688964834
2023-09-01,A-16,37.01645505741434,16.764171778220508,13.440511229215042
2023-10-01,A-16,38.88368537884128,14.111519902339786,17.879570678689937
2023-11-01,A-16,34.34684702389687,14.32042405083957,20.051797642532662
2023-12-01,A-16,40.22176214744027,15.89789699150226,18.353008593632023
2018-02-01,A-17,54.03286897763059,4.291154985282291,18.734791550702262
2018-03-01,A-17,50.01635286367612,9.5147070193181,19.685882103361873
2018-04-01,A-17,41.88508797805911,13.094435838209233,20.33084844184019
2018-05-01,A-17,55.83910407215751,12.24454254632965,18.25150016720436
2018-06-01,A-17,61.2844188430455,8.60056858993911,23.059087948731577
2018-07-01,A-17,48.55212932378364,13.744389740493173,18.86583654920527
2018-08-01,A-17,44.85247021685378,10.182142113267151,17.36558224333587
2018-09-01,A-17,41.9472506313031,9.570153847936712,20.588534775418857
2018-10-01,A-17,44.78961026044071,9.252671743576586,17.233124949589335
2018-11-01,A-17,51.19834123878549,7.939439567517426,17.44172529961436
2018-12-01,A-17,52.381838212030964,12.101880200541762,19.153930181007542
2019-01-01,A-17,47.162869716300165,8.99513402727025,18.336975043489865
2019-02-01,A-17,47.94331993520823,11.856028593613818,17.917132463595628
2019-03-01,A-17,48.473351796084245,13.688206407524294,20.72066677135345
2019-04-01,A-17,46.13439461395731,12.40671054072805,19.03463821296634
2019-05-01,A-17,50.12534513096361,9.286165075306675,18.982261823123725
2019-06-01,A-17,46.74308643494698,11.688760133794114,12.963168911871497
2019-07-01,A-17,49.935132950310475,11.075656291973669,20.376748172731617
2019-08-01,A-17,52.20413556596955,10.527089338118484,19.863660152339452
2019-09-01,A-17,48.282159504303614,9.296253854857738,21.071618093463574
2019-10-01,A-17,49.38556466231447,11.239598360561098,20.088248674947792
2019-11-01,A-17,46.907649598176356,12.051623070610423,21.986000978872386
2019-12-01,A-17,44.07887245600765,11.785013633223771,20.113385392935616
2020-01-01,A-17,47.16166534316716,14.76879945006452,17.384392784269007
2020-02-01,A-17,44.23248343948346,9.999187145811739,16.082417006368463
2020-03-01,A-17,47.56588429539661,12.561615851963408,18.639725249499936
2020-04-01,A-17,35.71261446206657,16.603495618572126,15.98896867276018
2020-05-01,A-17,49.01537703472908,14.184940887184204,19.566808837432248
2020-06-01,A-17,52.94005022576525,13.987676728102372,20.37215306854399
2020-07-01,A-17,54.229581811724664,12.78732275357363,22.26574355294049
2020-08-01,A-17,46.40868367811481,13.86223874470844,16.012968686999344
2020-09-01,A-17,47.56722510020185,11.12114285598883,16.43241373038202
2020-10-01,A-17,52.05794741668007,11.963331091309048,21.091661297667713
2020-11-01,A-17,38.48969334304881,13.841902367320124,19.951873230353744
2020-12-01,A-17,41.23150943936266,10.921199501283365,18.044811313163315
2021-01-01,A-17,41.25962030704026,13.930863566214533,14.61531567594256
2021-02-01,A-17,55.47052650981237,15.026244777724608,19.006220654413855
2021-03-01,A-17,48.23285812571478,13.585292092416127,18.848017222500573
2021-04-01,A-17,46.959849569131165,10.49081440621209,18.926806190201756
2021-05-01,A-17,41.90732687423776,15.63565456000142,11.032108140676435
2021-06-01,A-17,34.218221052614105,9.280569445039118,17.962441333210254
2021-07-01,A-17,38.823208115425,15.00594322684914,20.1679862293918
2021-08-01,A-17,40.98518714854243,14.395845090795893,19.217416580484095
2021-09-01,A-17,38.777386409788974,12.605292105213747,18.602951024028858
2021-10-01,A-17,39.04050292800497,12.16503267669167,20.266236183332072
2021-11-01,A-17,42.031950114672924,16.577065299299612,18.046604984790903
2021-12-01,A-17,33.26506273589126,14.111397986679656,20.382111651408408
2022-01-01,A-17,38.20675084475035,15.217985164929852,15.490845207810638
2022-02-01,A-17,50.60779445427869,13.39616213394314,16.891275031445208
2022-03-01,A-17,41.91929302005005,14.089286353832488,17.73833423387189
2022-04-01,A-17,43.79846591855444,13.059128764494748,17.80537672801235
2022-05-01,A-17,40.878116811056124,10.806322935493014,18.73403107441176
2022-06-01,A-17,43.61910200985825,14.554934523850733,18.459875120200984
2022-07-01,A-17,46.53589504257049,13.73965558474056,19.278206662421105
2022-08-01,A-17,41.54781420758299,16.159491266182822,19.83674655277319
2022-09-01,A-17,37.733932475902094,13.618229905962085,16.028276969042448
2022-10-01,A-17,35.198201802293944,17.892235690467206,20.374079181175684
2022-11-01,A-17,44.918556783843755,15.894038342637486,14.470178645704053
2022-12-01,A-17,34.77357366599645,19.100769749419864,16.833947245663538
2023-01-01,A-17,42.726031451794185,14.670106167250463,17.953306955001604
2023-02-01,A-17,42.78915777496593,17.374195689841027,19.88267734214438
2023-03-01,A-17,38.861414136881976,7.374259140590033,20.62597125098315
2023-04-01,A-17,41.56373284045442,14.19691243726859,21.7657366132228
2023-05-01,A-17,49.03359015451867,13.222036924019537,17.65187808571146
2023-06-01,A-17,44.695153341365746,14.356485202670767,17.865293056407914
2023-07-01,A-17,48.30936988468086,19.880984217203963,13.064513323751399
2023-08-01,A-17,38.86151628559428,13.299880927335678,19.09429319896346
2023-09-01,A-17,43.160967540196026,14.621162583021293,20.75239501173138
2023-10-01,A-17,38.56235052946625,17.617349557649675,17.732228732551185
2023-11-01,A-17,43.87822321841753,14.875377669629426,19.629819817908583
2023-12-01,A-17,33.026201829806595,16.350251998509254,18.316463858180935
2018-04-01,A-18,33.6033028175105,27.657881788643667,17.87679692689814
2018-05-01,A-18,29.740385066684013,27.380142992940602,18.749823563567656
2018-06-01,A-18,35.970259384389976,18.91406691367736,22.257845386332963
2018-07-01,A-18,35.59097809551053,18.851238203886016,16.373857842752766
2018-08-01,A-18,43.70445624472156,19.23623656282826,18.984398495251867
2018-09-01,A-18,42.04440221447098,20.188674689716006,18.594175910662383
2018-10-01,A-18,44.822582373446096,14.719354857145278,18.21182400242801
2018-11-01,A-18,40.453117384982974,21.70685159660371,17.16479235895574
2018-12-01,A-18,34.8491364973886,18.1940150636299,17.636441346300842
2019-01-01,A-18,33.78012804105977,24.2779572543669,17.917568535756804
2019-02-01,A-18,29.882455960490617,23.139580412016226,17.45599851757499
2019-03-01,A-18,35.70073242268996,25.26823141636764,21.28003383316595
2019-04-01,A-18,25.735719952495575,24.378964788261708,19.544230416434687
2019-05-01,A-18,34.90783836502205,19.37936712903672,19.35836924942998
2019-06-01,A-18,42.7074512197449,28.494890458927756,14.627608632676036
2019-07-01,A-18,35.97370640697713,25.56841027149643,17.232237453283442
2019-08-01,A-18,31.20597523876968,20.72750417478902,14.973842800285476
2019-09-01,A-18,35.451916037292904,23.168984512529214,17.742180670812324
2019-10-01,A-18,31.641603954241578,21.575908391344598,16.160360588338214
2019-11-01,A-18,39.83131592917566,22.562538847077434,14.24414500653674
2019-12-01,A-18,31.7989653159742,23.334196231322117,19.426174789431066
2020-01-01,A-18,34.28947974403921,20.800065019532255,24.02049142667733
2020-02-01,A-18,36.92318003313724,26.24293851336247,16.64627908359282
2020-03-01,A-18,30.9644207015049,21.338374665495248,22.37024783601565
2020-04-01,A-18,32.67995792549078,25.57334469127011,15.584179377370997
2020-05-01,A-18,35.01403404586917,27.15276635433882,15.390861408281129
2020-06-01,A-18,28.580180820407318,23.823272332395376,18.953727766970392
2020-07-01,A-18,38.52577824122528,24.319231810199454,17.27113843887627
2020-08-01,A-18,37.86763124726754,25.134469712770226,17.67564462311564
2020-09-01,A-18,31.78068190065096,26.32562820843554,16.832050358212285
2020-10-01,A-18,31.65379875531199,25.884352347556348,17.65490221374014
2020-11-01,A-18,39.03247981992894,26.78906440415994,18.096867891646145
2020-12-01,A-18,36.01900378797444,19.89100790128841,20.554601488566927
2021-01-01,A-18,32.343132997394754,21.26752777572476,17.90012806199465
2021-02-01,A-18,28.7720838060353,27.908842401707133,15.743034560985134
2021-03-01,A-18,28.75517626486147,27.057911499450718,20.11282273030497
2021-04-01,A-18,35.44088437601623,26.763470836602508,17.980944171995322
2021-05-01,A-18,35.59790819522839,26.25008209120405,18.8687873441603
2021-06-01,A-18,29.744644360612387,24.95692384670893,19.26781450921493
2021-07-01,A-18,36.33982820183163,28.717218534150184,15.556754142415878
2021-08-01,A-18,32.456912757904945,28.660190650848566,18.949287248845025
2021-09-01,A-18,16.805200701572623,29.142618469292557,19.200241234579032
2021-10-01,A-18,39.79569231510986,30.789446892364744,15.412900971331581
2021-11-01,A-18,35.30308260677079,28.130403683753844,18.06433811406894
2021-12-01,A-18,40.21483839602859,26.856556653066143,19.842096509341935
2022-01-01,A-18,22.530637908569496,29.514928151233722,16.47642870436136
2022-02-01,A-18,32.005606509512305,32.32073240382866,17.58644228738483
2022-03-01,A-18,28.713826324112553,30.875551299905947,18.292917814723463
2022-04-01,A-18,29.688557963302372,30.38187519930553,16.656423523871556
2022-05-01,A-18,28.66401507052725,28.07218245046759,18.26297500498685
2022-06-01,A-18,29.646126278374503,23.984389620324134,21.443257644862335
2022-07-01,A-18,20.08085751685402,27.295880684658542,16.856921572319923
2022-08-01,A-18,18.592501149495245,26.968555114472075,15.138751301896965
2022-09-01,A-18,33.41394394548269,32.58253309090462,21.194678849856427
2022-10-01,A-18,24.99985619524331,31.36770074625458,17.751853446388623
2022-11-01,A-18,32.76779713471611,32.570597117515845,19.69080691138401
2022-12-01,A-18,30.085686740375586,26.552363973136018,17.8731228779197
2023-01-01,A-18,23.688162795659437,30.99314872721593,18.946367449737757
2023-02-01,A-18,33.39849143219914,27.27675173200891,19.131025693279337
2023-03-01,A-18,27.691029226674253,25.78077249350021,17.567032473461772
2023-04-01,A-18,26.864344387068734,26.648262706222376,15.233358774125424
2023-05-01,A-18,31.55370694796607,32.06472823298098,20.02144151295225
2023-06-01,A-18,15.517464583875453,31.786513654487653,17.109593493833103
2023-07-01,A-18,21.466214447584075,30.71126652569398,17.740624207803656
2023-08-01,A-18,21.49042341111271,24.25515019779234,17.36889530997073
2023-09-01,A-18,30.033079170733593,29.261173183141175,17.623151060398357
2023-10-01,A-18,22.501861745056715,36.33360672177221,16.708735691365007
2023-11-01,A-18,20.28706101370392,28.30458841016212,19.78432024884046
2023-12-01,A-18,25.45203631715762,28.701402252588363,18.592148519533943
2018-12-01,A-19,82.11803447087493,7.683448616161513,25.631769293934887
2019-01-01,A-19,81.52349748362694,7.472219207901992,25.024939255358845
2019-02-01,A-19,80.17160571078398,8.871506465368846,24.879787553872074
2019-03-01,A-19,78.58673554989889,7.016072225614623,23.661569139813018
2019-04-01,A-19,74.77200675073392,8.849775157748095,24.556758698372068
2019-05-01,A-19,81.3531976563893,7.445580414259219,26.310421367226713
2019-06-01,A-19,80.41402387563038,6.704488182268727,23.788394083388923
2019-07-01,A-19,75.34737875468304,7.5036592153512585,25.086711898947303
2019-08-01,A-19,79.77295816588149,8.124514112367029,27.485223627580897
2019-09-01,A-19,83.90013521482398,9.466644321865692,23.401600478199395
2019-10-01,A-19,79.50332835484782,6.26171083855593,23.788683189981754
2019-11-01,A-19,80.31683374840436,7.596800559700835,26.452146935922734
2019-12-01,A-19,76.3839606546889,7.8584477698035045,25.17387068947177
2020-01-01,A-19,83.57563592412903,7.5300328337242695,24.931647301607907
2020-02-01,A-19,84.12724260473433,8.337306395175755,24.706129586153953
2020-03-01,A-19,81.86492254548672,6.938600262265934,23.59571940019896
2020-04-01,A-19,80.23616573047454,8.333918029701561,25.703084728373703
2020-05-01,A-19,79.35853284135247,7.04907559064838,22.604888797166268
2020-06-01,A-19,79.21220979811642,8.123450281766146,26.33725493184034
2020-07-01,A-19,80.90705204968732,7.830901499292083,26.146130581393606
2020-08-01,A-19,85.4746603320973,8.346644271560987,26.491829513875853
2020-09-01,A-19,81.14015754688376,7.88164552216126,24.329009084821458
2020-10-01,A-19,79.45210630872496,6.995499797619918,22.663141592371442
2020-11-01,A-19,78.71195762899755,9.107453998651648,23.871487954087293
2020-12-01,A-19,76.80975409927213,6.891257985255656,24.110924353831678
2021-01-01,A-19,80.65725921529237,7.663156121708504,26.937093952527658
2021-02-01,A-19,79.14862524100806,7.064184407482133,26.326588089888403
2021-03-01,A-19,81.58566697382453,8.846869548631647,26.43040341853373
2021-04-01,A-19,80.36970089913757,8.069364097884325,24.207139790845893
2021-05-01,A-19,80.1244444644715,6.463193544726157,25.900104999756913
2021-06-01,A-19,82.4584635209725,10.837705932338526,25.8222565207683
2021-07-01,A-19,70.34792222901964,8.11594030411807,25.781897189271195
2021-08-01,A-19,75.74793150731915,6.409906169997397,26.70727827898517
2021-09-01,A-19,76.89665530494582,8.323947228393836,25.8196256036495
2021-10-01,A-19,81.88648141717653,7.901669236374687,24.068669998067058
2021-11-01,A-19,82.32719357039936,7.900660253695948,24.34171190567935
2021-12-01,A-19,78.57830852177769,7.764534560676799,24.454202299509955
2022-01-01,A-19,81.09391646966353,9.573322745367598,24.62825553755698
2022-02-01,A-19,83.65483731045587,7.997407437062328,25.07047309406983
2022-03-01,A-19,81.1926912518705,7.659225578359735,25.635929922190137
2022-04-01,A-19,77.72368599916533,8.554481180763224,26.173317328789977
2022-05-01,A-19,79.32190208426461,6.891817193522044,24.61524742708792
2022-06-01,A-19,79.70204448822065,8.318033284149058,24.563488210266268
2022-07-01,A-19,76.96463992054555,6.185525160640818,26.312656616817875
2022-08-01,A-19,80.91703201530882,7.395400623086748,26.25885110575027
2022-09-01,A-19,73.66727026639563,9.093972792292007,25.093121346512195
2022-10-01,A-19,83.43247003493138,9.07115391716136,25.367746195429557
2022-11-01,A-19,81.17972702430058,8.34495846730432,25.372755860974344
2022-12-01,A-19,81.64809528490679,6.652123841399843,24.68318319422863
2023-01-01,A-19,86.62336943907799,7.786850370780954,25.00093862601677
2023-02-01,A-19,81.1975411157501,9.082576076812272,25.361896043402215
2023-03-01,A-19,81.19564277705626,6.89900833195974,25.814198156937024
2023-04-01,A-19,79.65898588943152,7.0208623212754535,25.736151422037974
2023-05-01,A-19,81.97938212955539,7.712443551761869,21.992409869021202
2023-06-01,A-19,77.17266088317908,8.118376702053183,24.615958912006302
2023-07-01,A-19,84.51736803890833,9.60416651485596,24.061957406284847
2023-08-01,A-19,80.66305010821179,6.393600093401064,24.953340557278818
2023-09-01,A-19,78.86965629894883,7.631836082859429,26.14877193046671
2023-10-01,A-19,79.21161535252243,8.324788688491884,25.489760684033264
2023-11-01,A-19,84.73040801479472,7.6888674215210635,25.30523191140162
2023-12-01,A-19,78.5575155275447,8.234995133275179,25.795266855592775
2018-07-01,A-20,54.588915230040584,11.669928289900636,17.695293887641792
2018-08-01,A-20,53.47430976427889,7.82550575134103,20.921303974571103
2018-09-01,A-20,48.51442317263643,10.155360549639303,18.882345845029366
2018-10-01,A-20,43.208737488917485,9.877037988671871,19.049057329378098
2018-11-01,A-20,51.67828268755082,9.394886210498772,18.278496164395285
2018-12-01,A-20,48.84785518390393,6.01679275317214,18.5220160362283
2019-01-01,A-20,47.703775322263986,11.881666155404538,21.86132512544146
2019-02-01,A-20,57.10771240962294,10.335774839539882,20.998681247266806
2019-03-01,A-20,58.56948505635199,11.03045670939133,21.235172259990616
2019-04-01,A-20,57.52491267312377,11.310535631218197,21.092914096456685
2019-05-01,A-20,46.61604406152176,11.383045800752917,20.439076356597393
2019-06-01,A-20,47.707541942835654,13.148527672898211,14.809225035613157
2019-07-01,A-20,44.5478037765251,20.985704251889363,19.29299649188025
2019-08-01,A-20,41.283374561202514,19.102026585880257,15.850116310011803
2019-09-01,A-20,44.42769505940324,22.74447737627228,22.35326673065691
2019-10-01,A-20,42.8346500683096,21.717272410617237,19.312492709160292
2019-11-01,A-20,42.80351751585495,16.80692331301027,17.958213197276642
2019-12-01,A-20,33.47685700010595,24.075805973497495,16.63534033493057
2020-01-01,A-20,36.33435286108477,21.905876834712263,21.401914648603643
2020-02-01,A-20,35.44316801680782,22.101267504067284,21.872692326545888
2020-03-01,A-20,36.796117109701875,19.117359407705315,21.990129201145134
2020-04-01,A-20,42.573713489643715,20.161747299251054,21.645888060900862
2020-05-01,A-20,49.258278377926544,22.74789792468368,21.50101927527559
2020-06-01,A-20,31.684361135704314,18.06568963570376,19.71971730440394
2020-07-01,A-20,27.274117680931003,33.348734126586756,19.895214748978816
2020-08-01,A-20,31.174336878867898,29.78376878909653,20.702333066835653
2020-09-01,A-20,24.91656810359018,34.70022246228166,22.0519999637541
2020-10-01,A-20,25.629524563539388,30.976533412542494,19.618258097482844
2020-11-01,A-20,29.598838565101993,31.544207927552286,21.69232123892677
2020-12-01,A-20,19.379068652771565,31.450088657082873,18.271600875860607
2021-01-01,A-20,28.37410411413975,33.870284644635404,20.597740938294415
2021-02-01,A-20,25.81471689004281,29.004531004215,20.836955653175423
2021-03-01,A-20,30.32298200858367,30.926223848867384,17.690307637267143
2021-04-01,A-20,23.141870049255484,26.1555297626576,18.147430940614843
2021-05-01,A-20,27.060211108935476,31.553464925048406,21.77963418503119
2021-06-01,A-20,26.938765134079002,29.54591872555718,21.57830202080702
2021-07-01,A-20,38.971504071216614,29.325826095858723,24.2454816219838
2021-08-01,A-20,33.49680559763023,33.082590818497685,17.71906660344209
2021-09-01,A-20,28.25492796942106,32.25825582329669,17.283860863243703
2021-10-01,A-20,30.101885736160824,28.74717284690168,22.885205132050906
2021-11-01,A-20,19.44835276184896,29.484511956669525,18.526357451549423
2021-12-01,A-20,22.047523305115362,28.25189121747464,15.382867827046741
2022-01-01,A-20,33.31449809638969,33.64720641422756,23.880199594813206
2022-02-01,A-20,21.800138146840673,29.543004916785705,21.108050549388256
2022-03-01,A-20,24.95438367743394,27.387427988513373,21.193950855529156
2022-04-01,A-20,37.41344148486232,27.444146876570404,22.613234169698593
2022-05-01,A-20,27.300509269702687,29.81141315921435,20.898552361438337
2022-06-01,A-20,34.75595911640417,28.553763582893065,19.35317099220667
2022-07-01,A-20,31.58844101943133,31.5771135420248,24.021534738371273
2022-08-01,A-20,35.06812086269408,35.87287750686808,20.523462196781313
2022-09-01,A-20,33.34486175897384,33.20853158447403,19.256976706421206
2022-10-01,A-20,31.74162229352796,25.61668174355451,22.83277461227759
2022-11-01,A-20,33.57922763575789,30.873908912941612,20.754428214383722
2022-12-01,A-20,38.76598442535238,28.532845042968535,21.08688033863658
2023-01-01,A-20,39.00115605779937,32.569156413199224,19.553427146243383
2023-02-01,A-20,40.57950751662297,28.709612630024296,22.570361097578633
2023-03-01,A-20,29.642161199332026,28.88383603355016,18.687923976489376
2023-04-01,A-20,31.983806984867506,25.788856676896998,16.8307195427686
2023-05-01,A-20,29.01260482207457,31.387961632460826,16.988318678349632
2023-06-01,A-20,26.32616159857636,30.99881385116749,21.600301115057288
2023-07-01,A-20,28.34973151474709,31.167252703684614,18.5785683762094
2023-08-01,A-20,25.31914368478928,31.738420116339654,20.76853928945491
2023-09-01,A-20,24.218963403175927,26.608296088339696,19.275990335322174
2023-10-01,A-20,31.44197382415777,30.99042017193017,21.56053811674748
2023-11-01,A-20,29.499032249790105,33.52987427655115,21.388561341967474
2023-12-01,A-20,35.344778368021466,28.87404657891289,19.128381386018475
